bibcode,title,year,month,journal,volume,page,n_authors,n_colombian_authors,num_citations,keywords,doi,arxiv_id,url
1980RvCF...14..115G,The concepts of space and time in classical physics and special relativity,1980,1,Revista Colombiana de Fisica,14,115,1,1,0,Classical Mechanics; Relativity; Space-Time Functions; Astrophysics; Electromagnetism; Newton Theory; Nonrelativistic Mechanics; Astrophysics,,,https://ui.adsabs.harvard.edu/abs/1980RvCF...14..115G
1980PASP...92..484G,AH Vel - another classical cepheid with a blue companion.,1980,8,Publications of the Astronomical Society of the Pacific,92,484,1,1,7,Cepheid Variables; Companion Stars; Stellar Spectra; Stellar Spectrophotometry; Ubv Spectra; B Stars; Binary Stars; Hertzsprung-Russell Diagram; Main Sequence Stars; Radial Velocity; Astronomy,10.1086/130698,,https://ui.adsabs.harvard.edu/abs/1980PASP...92..484G
1982PASP...94..960G,Increased evidence for overtone pulsation in galactic cepheids : SU Cas.,1982,12,Publications of the Astronomical Society of the Pacific,94,960,1,1,28,Cepheid Variables; Stellar Oscillations; Hertzsprung-Russell Diagram; Light Curve; Radial Velocity; Radii; Stellar Luminosity; Stellar Temperature; Astrophysics,10.1086/131092,,https://ui.adsabs.harvard.edu/abs/1982PASP...94..960G
1984ApJ...282..650G,"Surface brightness radii, distances, and absolute magnitudes of classical cepheids.",1984,7,The Astrophysical Journal,282,650,1,1,23,Astrometry; Cepheid Variables; Stellar Oscillations; Astronomical Photometry; Brightness; Distance; Radial Velocity; Radii; Stellar Magnitude; Astronomy,10.1086/162244,,https://ui.adsabs.harvard.edu/abs/1984ApJ...282..650G
1984OrLi...14..547R,Phylogeny of Transfer RNA,1984,12,Origins of Life,14,547,3,1,0,,10.1007/BF00933703,,https://ui.adsabs.harvard.edu/abs/1984OrLi...14..547R
1985ApJS...57..595C,A photometric and radial velocity study of six southern cepheids. I. The data.,1985,3,The Astrophysical Journal Supplement Series,57,595,3,1,58,Astronomical Photometry; Cepheid Variables; Southern Sky; Light Curve; Radial Velocity; Stellar Color; Stellar Magnitude; Tables (Data); Astronomy,10.1086/191017,,https://ui.adsabs.harvard.edu/abs/1985ApJS...57..595C
1985A&A...148..138G,Physical properties of the cepheids RT Aurigae and SZ Tauri.,1985,7,Astronomy and Astrophysics,148,138,1,1,17,Cepheid Variables; Radial Velocity; Star Clusters; Stellar Magnitude; Stellar Spectrophotometry; Brightness; Charge Coupled Devices; Northern Hemisphere; Taurus Constellation; Astrophysics,,,https://ui.adsabs.harvard.edu/abs/1985A&A...148..138G
1985ApJ...295..507G,A search for more Cepheid binaries.,1985,8,The Astrophysical Journal,295,507,1,1,28,Binary Stars; Cepheid Variables; Companion Stars; Light Curve; Radial Velocity; Stellar Spectrophotometry; Data Acquisition; Stellar Color; Ubv Spectra; Astrophysics,10.1086/163395,,https://ui.adsabs.harvard.edu/abs/1985ApJ...295..507G
1987AJ.....94..431G,Frequency Analysis of the Short-Period Cepheid EU Tauri,1987,8,The Astronomical Journal,94,431,2,1,9,Cepheid Variables; Frequency Distribution; Radial Velocity; Spectrum Analysis; Stellar Spectrophotometry; Astrophysics; STARS: PULSATION,10.1086/114484,,https://ui.adsabs.harvard.edu/abs/1987AJ.....94..431G
1988PASP..100..262G,A Note on Several Galactic Cepheids in Open Clusters and Associations,1988,2,Publications of the Astronomical Society of the Pacific,100,262,1,1,5,Cepheid Variables; Milky Way Galaxy; Open Clusters; Star Clusters; Astronomical Catalogs; Brightness Distribution; Main Sequence Stars; Surface Properties; Astronomy; STARS: CEPHEIDS; CLUSTERS: OPEN; CLUSTERS: ASSOCIATIONS,10.1086/132164,,https://ui.adsabs.harvard.edu/abs/1988PASP..100..262G
1988ApJ...329..790G,The Galactic Cepheid Period-Luminosity Relation from the Visual Surface Brightness Method,1988,6,The Astrophysical Journal,329,790,1,1,27,B Stars; Cepheid Variables; Open Clusters; Stellar Luminosity; Stellar Magnitude; Stellar Oscillations; Brightness Distribution; Computational Astrophysics; Radial Velocity; Southern Hemisphere; Astrophysics; STARS: CEPHEIDS; STARS: LUMINOSITIES; STARS: PULSATION,10.1086/166421,,https://ui.adsabs.harvard.edu/abs/1988ApJ...329..790G
1988PASP..100.1008M,Measurements of IAU Radial Velocity Standards from ``Fiber Feed'' Spectra,1988,8,Publications of the Astronomical Society of the Pacific,100,1008,2,1,5,Astronomical Spectroscopy; Fiber Optics; Radial Velocity; Antenna Feeds; Cepheid Variables; Astronomy; INSTRUMENTS,10.1086/132264,,https://ui.adsabs.harvard.edu/abs/1988PASP..100.1008M
1989AJ.....98.1672G,The Short-Period Cepheid EU Tau. I. New Photometric and Radial Velocity Data,1989,11,The Astronomical Journal,98,1672,6,1,12,Astronomical Photometry; Cepheid Variables; Light Curve; Radial Velocity; Ubv Spectra; Charge Coupled Devices; Fourier Analysis; Space Observations (From Earth); Telescopes; Astrophysics; STARS: INDIVIDUAL; STARS: CEPHEIDS,10.1086/115253,,https://ui.adsabs.harvard.edu/abs/1989AJ.....98.1672G
1992A&A...253..126G,On the binary status of the cepheid SV Persei.,1992,1,Astronomy and Astrophysics,253,126,2,2,5,Binary Stars; Cepheid Variables; Companion Stars; Radial Velocity; Astronomical Photometry; Charge Coupled Devices; Iue; Velocity Measurement; Astrophysics,,,https://ui.adsabs.harvard.edu/abs/1992A&A...253..126G
1994Ap&SS.214..171U,The Problem of Stellar Membership in Open Clusters,1994,4,Astrophysics and Space Science,214,171,2,2,11,Astrometry; Cluster Analysis; Kinematics; Star Clusters; Astronomical Photometry; Displacement; Maximum Likelihood Estimates; Populations; Radial Velocity; Star Distribution; Astronomy; Open Cluster; Proper Motion; Kinematical Variable; Membership Probability; Essential Problem,10.1007/BF00982334,,https://ui.adsabs.harvard.edu/abs/1994Ap&SS.214..171U
1994Ap&SS.214....1H,Preface - Basic Space Science,1994,4,Astrophysics and Space Science,214,1,2,1,1,,10.1007/BF00982320,,https://ui.adsabs.harvard.edu/abs/1994Ap&SS.214....1H
1995MNRAS.274..853T,Genus and SPOT density in the COBE-DMR first-year anisotropy maps,1995,6,Monthly Notices of the Royal Astronomical Society,274,853,4,1,20,COSMIC MICROWAVE BACKGROUND; COSMOLOGY: OBSERVATIONS; Astrophysics,10.1093/mnras/274.3.853,arXiv:astro-ph/9502066,https://ui.adsabs.harvard.edu/abs/1995MNRAS.274..853T
1995Ap&SS.228..313T,Cosmology after COBE,1995,6,Astrophysics and Space Science,228,313,1,1,4,Radiation; Microwave; Anisotropy; Geometric Characteristic; Cosmic Microwave Background,10.1007/BF00984985,,https://ui.adsabs.harvard.edu/abs/1995Ap&SS.228..313T
1995Ap&SS.228..309T,The COBE-DMR Database and How to Use it,1995,6,Astrophysics and Space Science,228,309,1,1,1,Microwave; Anisotropy; Data Product; Science Data; Density Fluctuation,10.1007/BF00984984,,https://ui.adsabs.harvard.edu/abs/1995Ap&SS.228..309T
1996Ap&SS.240..225T,The GEM project: An international collaboration to survey galactic radiation emission,1996,9,Astrophysics and Space Science,240,225,12,4,12,Radiation; Colombia; International Collaboration; Radio Telescope; Radiation Emission; Astrophysics,10.1007/BF00639587,arXiv:astro-ph/9605060,https://ui.adsabs.harvard.edu/abs/1996Ap&SS.240..225T
1997Ap&SS.256..529R,Spectral Broadening of the 3463 å Line in a Zirconium Plasma Generated by Laser Irradiation,1997,3,Astrophysics and Space Science,256,529,1,1,2,Zirconium; Ultraviolet Radiation; Spectral Broadening; Laser Fluency; Effect Dependence,10.1023/A:1001100905519,,https://ui.adsabs.harvard.edu/abs/1997Ap&SS.256..529R
1997Ap&SS.256..517A,TiN Production in a Glow Discharge,1997,3,Astrophysics and Space Science,256,517,6,6,0,Nitrogen; Colour; Atmosphere; Titanium; Nitrogen Atmosphere,10.1023/A:1001152906427,,https://ui.adsabs.harvard.edu/abs/1997Ap&SS.256..517A
1997Ap&SS.256..359S,Spectral Study of Ionized Xenon Using a Capillary Pulsed Discharge,1997,3,Astrophysics and Space Science,256,359,4,1,0,Xenon; Spectral Study; Pulse Discharge; Spectroscopic Result; Ionize Xenon,10.1023/A:1001140519631,,https://ui.adsabs.harvard.edu/abs/1997Ap&SS.256..359S
1997Ap&SS.256..321D,Electromagnetic Oscillations in Cylindrical Plasmas with Electron Beams Interactions,1997,3,Astrophysics and Space Science,256,321,3,3,5,Magnetic Field; Fourier; Electron Beam; Dispersion Relation; Numerical Algorithm,10.1023/A:1001144403759,,https://ui.adsabs.harvard.edu/abs/1997Ap&SS.256..321D
1998ApJ...493...52C,Can Interplanetary Measures Bound the Cosmological Constant?,1998,1,The Astrophysical Journal,493,52,2,2,37,CELESTIAL MECHANICS; STELLAR DYNAMICS; COSMOLOGY: THEORY; PLANETS AND SATELLITES: INDIVIDUAL MERCURY; RELATIVITY; Celestial Mechanics; Stellar Dynamics; Cosmology: Theory; Planets and Satellites: Individual: Mercury; Relativity,10.1086/305125,,https://ui.adsabs.harvard.edu/abs/1998ApJ...493...52C
2000A&AS..145..495T,Spillover and diffraction sidelobe contamination in a double-shielded experiment for mapping Galactic synchrotron emission,2000,9,Astronomy and Astrophysics Supplement Series,145,495,9,1,4,METHODS: ANALYTICAL; METHODS: OBSERVATIONAL; METHODS: LABORATORY; SITE TESTING; RADIO CONTINUUM: ISM; Astrophysics,10.1051/aas:2000256,arXiv:astro-ph/0007066,https://ui.adsabs.harvard.edu/abs/2000A&AS..145..495T
2001RMxAA..37..105S,Membership in the Region of the Open Cluster NGC 2244,2001,10,Revista Mexicana de Astronomia y Astrofisica,37,105,5,5,13,,,,https://ui.adsabs.harvard.edu/abs/2001RMxAA..37..105S
2002PASP..114..233U,Membership in the Region of the Double Cluster h and χ Persei Working from Proper Motions and Positions: Distance Moduli and Extinction in That Galactic Direction,2002,2,Publications of the Astronomical Society of the Pacific,114,233,5,4,19,open clusters and associations: individual (χ Persei); open clusters and associations: individual (h Persei); ISM: Dust; Extinction; Methods: Data Analysis; Stars: Distances; Stars: Hertzsprung-Russell Diagram; Galaxy: Open Clusters and Associations: General,10.1086/338428,,https://ui.adsabs.harvard.edu/abs/2002PASP..114..233U
2002ApJ...579..214R,Near-Infrared Coronal Lines in Narrow-Line Seyfert 1 Galaxies,2002,11,The Astrophysical Journal,579,214,4,1,51,Galaxies: Active; Galaxies: Nuclei; Galaxies: Seyfert; Infrared: Galaxies; Radiation Mechanisms: Thermal; Astrophysics,10.1086/342840,arXiv:astro-ph/0208062,https://ui.adsabs.harvard.edu/abs/2002ApJ...579..214R
2003SoPh..215..185S,On the kinematic evolution of flare-associated cmes,2003,7,Solar Physics,215,185,4,2,55,Flare; Emergence Model; Time Data; Coronal Mass Ejection; Flux Rope,10.1023/A:1024808819850,,https://ui.adsabs.harvard.edu/abs/2003SoPh..215..185S
2003SoPh..215..161S,An Investigation of Solar Maximum Metric Type ii Radio Bursts: do two Kinds of Coronal Shock Sources Exist?,2003,7,Solar Physics,215,161,4,2,38,Flare; General Classis; Statistical Investigation; Radio Burst; Solar Maximum,10.1023/A:1024890925978,,https://ui.adsabs.harvard.edu/abs/2003SoPh..215..161S
2003SoPh..217..301S,Statistical Characteristics of CMEs and Flares Associated with Solar Type II Radio Bursts,2003,11,Solar Physics,217,301,4,2,25,Flare; Solar Cycle; Statistical Characteristic; Rise Time; Statistical Study,10.1023/B:SOLA.0000006902.89339.e4,,https://ui.adsabs.harvard.edu/abs/2003SoPh..217..301S
2004MNRAS.350..317G,Kinematic solar dynamo models with a deep meridional flow,2004,5,Monthly Notices of the Royal Astronomical Society,350,317,2,2,48,magnetic fields; MHD; Sun: interior; Sun: magnetic fields; Astrophysics,10.1111/j.1365-2966.2004.07655.x,arXiv:astro-ph/0402097,https://ui.adsabs.harvard.edu/abs/2004MNRAS.350..317G
2004CeMDA..89..365P,An Addendum to the Damour and Deruelle's Solution of the Post-Newtonian Two-Body Problem,2004,5,Celestial Mechanics and Dynamical Astronomy,89,365,2,2,2,Damour and Deruelle's solution; post-Newtonian motion; post-Newtonian two-body problem; relativistic celestial mechanics,10.1023/B:CELE.0000043574.68645.92,,https://ui.adsabs.harvard.edu/abs/2004CeMDA..89..365P
2004GReGr..36.1433B,Letter: Inflationary Dilatonic de Sitter Universe from Super Yang-Mills Theory Perturbed by Scalars and Spinors,2004,6,General Relativity and Gravitation,36,1433,2,1,2,General Relativity and Quantum Cosmology,10.1023/B:GERG.0000022579.16135.9b,arXiv:gr-qc/0311041,https://ui.adsabs.harvard.edu/abs/2004GReGr..36.1433B
2004SoPh..225..141S,Re-Evaluation of the Flare Type II CME Association,2004,11,Solar Physics,225,141,5,1,2,Flare; Coronal Mass Ejection; Radio Burst; Solar Maximum; Background Intensity,10.1007/s11207-004-3514-4,,https://ui.adsabs.harvard.edu/abs/2004SoPh..225..141S
2005PhDT.......140Z,Study of core collapse neutrino signals and constraints on neutrino masses from a future galactic supernova,2005,1,Ph.D. Thesis,,,1,1,0,,,,https://ui.adsabs.harvard.edu/abs/2005PhDT.......140Z
2005AdSpR..35..961V,The magnetosphere as a complex system,2005,1,Advances in Space Research,35,961,10,1,30,,10.1016/j.asr.2005.03.144,,https://ui.adsabs.harvard.edu/abs/2005AdSpR..35..961V
2005A&A...441...23B,Equilibrium of large astrophysical structures in the Newton-Hooke spacetime,2005,10,Astronomy and Astrophysics,441,23,2,2,18,cosmology: large-scale structure of Universe; galaxies: clusters: general; instabilities; Astrophysics,10.1051/0004-6361:20053544,arXiv:astro-ph/0511738,https://ui.adsabs.harvard.edu/abs/2005A&A...441...23B
2006SSRv..122..313V,Hysteresis Provides Self-Organization in a Plasma Model,2006,2,Space Science Reviews,122,313,4,1,16,self-organization; space plasmas; magnetospheric dynamics,10.1007/s11214-006-7846-2,,https://ui.adsabs.harvard.edu/abs/2006SSRv..122..313V
2006JCAP...06..013Z,Higher order contributions to the primordial non-Gaussianity,2006,6,Journal of Cosmology and Astroparticle Physics,2006,013,3,1,41,Astrophysics,10.1088/1475-7516/2006/06/013,arXiv:astro-ph/0603534,https://ui.adsabs.harvard.edu/abs/2006JCAP...06..013Z
2006MNRAS.371.1873G,An infinite family of generalized Kalnajs discs,2006,10,Monthly Notices of the Royal Astronomical Society,371,1873,2,2,24,stellar dynamics: galaxies: kinematics and dynamics; stellar dynamics; galaxies: kinematics and dynamics; Astrophysics,10.1111/j.1365-2966.2006.10819.x,arXiv:0806.4266,https://ui.adsabs.harvard.edu/abs/2006MNRAS.371.1873G
2006SerAJ.173...57U,The Expectation Maximization Algorithm as a Powerful Tool to Solve the Stellar Membership in Open Clusters. An Application to M67,2006,12,Serbian Astronomical Journal,173,57,3,1,7,Methods: analytical; Methods: data analysis; Methods: statistical; open clusters and associations: individual: M67,10.2298/SAJ0673057U,,https://ui.adsabs.harvard.edu/abs/2006SerAJ.173...57U
2007GReGr..39...23B,Self-similar and charged radiating spheres: an anisotropic approach,2007,1,General Relativity and Gravitation,39,23,4,1,44,Charged spheres; Anisotropy; Compact objects; General Relativity and Quantum Cosmology,10.1007/s10714-006-0365-3,arXiv:gr-qc/0611089,https://ui.adsabs.harvard.edu/abs/2007GReGr..39...23B
2007MNRAS.382..621B,Astrophysical configurations with background cosmology: probing dark energy at astrophysical scales,2007,12,Monthly Notices of the Royal Astronomical Society,382,621,3,1,22,cosmology: theory; dark matter; Astrophysics; General Relativity and Quantum Cosmology,10.1111/j.1365-2966.2007.12383.x,arXiv:0708.2980,https://ui.adsabs.harvard.edu/abs/2007MNRAS.382..621B
2008MNRAS.386..440R,Chaotic and regular motion around generalized Kalnajs discs,2008,5,Monthly Notices of the Royal Astronomical Society,386,440,3,3,16,stellar dynamics; galaxies: kinematics and dynamics; Astrophysics,10.1111/j.1365-2966.2008.13047.x,arXiv:0806.4272,https://ui.adsabs.harvard.edu/abs/2008MNRAS.386..440R
2008MNRAS.391L..24P,Fractional derivative approach to the self-gravitation equation,2008,11,Monthly Notices of the Royal Astronomical Society,391,L24,3,3,9,stellar dynamics; galaxies: kinematics and dynamics; Astrophysics,10.1111/j.1745-3933.2008.00548.x,arXiv:0807.0119,https://ui.adsabs.harvard.edu/abs/2008MNRAS.391L..24P
2008MNRAS.390.1587P,An infinite family of self-consistent models for axisymmetric flat galaxies,2008,11,Monthly Notices of the Royal Astronomical Society,390,1587,3,3,16,stellar dynamics; galaxies: kinematics and dynamics; Astrophysics,10.1111/j.1365-2966.2008.13846.x,arXiv:0806.4277,https://ui.adsabs.harvard.edu/abs/2008MNRAS.390.1587P
2009PASP..121..125M,L-Band Spectra of 13 Outbursting Be Stars,2009,2,Publications of the Astronomical Society of the Pacific,121,125,4,4,25,Astrophysics - Solar and Stellar Astrophysics,10.1086/597551,arXiv:0902.4279,https://ui.adsabs.harvard.edu/abs/2009PASP..121..125M
2009OLEB...39..306P,Prion: Catalyst for Biological Evolution,2009,5,Origins of Life and Evolution of the Biosphere,30,306,1,1,0,,10.1007/s11084-009-9164-7,,https://ui.adsabs.harvard.edu/abs/2009OLEB...39..306P
2009ApJ...700.1141G,The Araucaria Project: The Distance to the Sculptor Galaxy NGC 247 from Near-Infrared Photometry of Cepheid Variables,2009,8,The Astrophysical Journal,700,1141,10,1,36,Cepheids; distance scale; galaxies: distances and redshifts; galaxies: individual: NGC 247; Astrophysics - Cosmology and Extragalactic Astrophysics,10.1088/0004-637X/700/2/1141,arXiv:0905.2699,https://ui.adsabs.harvard.edu/abs/2009ApJ...700.1141G
2010MNRAS.404..468G,"Finite thin disc models of four galaxies in the UrsaMajor cluster: NGC3877, NGC3917, NGC3949 and NGC4010",2010,5,Monthly Notices of the Royal Astronomical Society,404,468,3,3,12,stellar dynamics; galaxies: kinematics and dynamics; Astrophysics - Astrophysics of Galaxies,10.1111/j.1365-2966.2010.16303.x,arXiv:0906.1355,https://ui.adsabs.harvard.edu/abs/2010MNRAS.404..468G
2010ApJ...714..989M,Spin Evolution of Accreting Young Stars. I. Effect of Magnetic Star-Disk Coupling,2010,5,The Astrophysical Journal,714,989,4,1,73,stars: individual: 97.10Cv 97.10.GZ 97.10.KC 97.21.+a; Astrophysics - Solar and Stellar Astrophysics,10.1088/0004-637X/714/2/989,arXiv:1005.0863,https://ui.adsabs.harvard.edu/abs/2010ApJ...714..989M
2010JApA...31..105N,Extracting information from the gravitational redshift of compact rotating objects,2010,6,Journal of Astrophysics and Astronomy,31,105,2,1,15,Maximal angular velocity; stars: neutron; stars: rotation,10.1007/s12036-010-0006-9,,https://ui.adsabs.harvard.edu/abs/2010JApA...31..105N
2010ApJS..189..309L,"A Library of Theoretical Ultraviolet Spectra of Massive, Hot Stars for Evolutionary Synthesis",2010,8,The Astrophysical Journal Supplement Series,189,309,8,1,292,galaxies: abundances; galaxies: high-redshift; galaxies: stellar content; hydrodynamics; line: profiles; stars: early-type; stars: mass-loss; ultraviolet: stars; Astrophysics - Solar and Stellar Astrophysics; Astrophysics - Cosmology and Nongalactic Astrophysics,10.1088/0067-0049/189/2/309,arXiv:1006.5624,https://ui.adsabs.harvard.edu/abs/2010ApJS..189..309L
2010MNRAS.408.1730H,"Asymptotic, non-linear solutions for ambipolar diffusion in one dimension",2010,11,Monthly Notices of the Royal Astronomical Society,408,1730,3,1,29,diffusion; MHD; plasmas; stars: magnetic field; stars: neutron; ISM: magnetic fields; Astrophysics - Solar and Stellar Astrophysics,10.1111/j.1365-2966.2010.17237.x,arXiv:1003.5262,https://ui.adsabs.harvard.edu/abs/2010MNRAS.408.1730H
2011GReGr..43.2713G,Geodesic deviation equation in f ( R) gravity,2011,10,General Relativity and Gravitation,43,2713,3,3,18,General Relativity and Quantum Cosmology; Astrophysics - Cosmology and Extragalactic Astrophysics,10.1007/s10714-011-1194-6,arXiv:1010.5279,https://ui.adsabs.harvard.edu/abs/2011GReGr..43.2713G
2011GReGr..43.3001G,General magnetized Weyl solutions: disks and motion of charged particles,2011,11,General Relativity and Gravitation,43,3001,2,2,8,General relativity; Exact solutions: thin disk; Einstein-Maxwell equations; General Relativity and Quantum Cosmology,10.1007/s10714-011-1219-1,arXiv:1009.1084,https://ui.adsabs.harvard.edu/abs/2011GReGr..43.3001G
2011OLEB...41..533L,Magnetic Fields in Earth-like Exoplanets and Implications for Habitability around M-dwarfs,2011,12,Origins of Life and Evolution of the Biosphere,41,533,3,1,17,Magnetic fields; Exoplanets; Habitability; Astrophysics - Earth and Planetary Astrophysics,10.1007/s11084-012-9263-8,arXiv:1107.2804,https://ui.adsabs.harvard.edu/abs/2011OLEB...41..533L
2011GReGr..43.3301G,Electromagnetic sources distributed on shells in a Schwarzschild background,2011,12,General Relativity and Gravitation,43,3301,3,1,6,Electrostatics in curved backgrounds; Monopole and dipole layers; General Relativity and Quantum Cosmology,10.1007/s10714-011-1234-2,arXiv:1105.1934,https://ui.adsabs.harvard.edu/abs/2011GReGr..43.3301G
2011ApJ...743..100R,The Near-infrared Coronal Line Spectrum of 54 nearby Active Galactic Nuclei,2011,12,The Astrophysical Journal,743,100,4,2,75,galaxies: active; galaxies: Seyfert; infrared: galaxies; Astrophysics - Cosmology and Nongalactic Astrophysics,10.1088/0004-637X/743/2/100,arXiv:1109.0984,https://ui.adsabs.harvard.edu/abs/2011ApJ...743..100R
2012PhDT.......483C,Magnetic fields and habitability in super earths,2012,1,Ph.D. Thesis,,,1,1,0,,,,https://ui.adsabs.harvard.edu/abs/2012PhDT.......483C
2012ApJ...745..101M,Spin Evolution of Accreting Young Stars. II. Effect of Accretion-powered Stellar Winds,2012,1,The Astrophysical Journal,745,101,4,1,78,accretion; accretion disks; stars: evolution; stars: magnetic field; stars: pre-main sequence; stars: rotation; stars: winds; outflows; Astrophysics - Solar and Stellar Astrophysics,10.1088/0004-637X/745/1/101,arXiv:1111.6407,https://ui.adsabs.harvard.edu/abs/2012ApJ...745..101M
2012A&A...537A..21P,Magnetic field emergence in mesogranular-sized exploding granules observed with sunrise/IMaX data,2012,1,Astronomy and Astrophysics,537,A21,14,1,28,Sun: surface magnetism; Sun: granulation; Sun: photosphere; techniques: polarimetric; Astrophysics - Solar and Stellar Astrophysics,10.1051/0004-6361/201117936,arXiv:1110.4555,https://ui.adsabs.harvard.edu/abs/2012A&A...537A..21P
2012ApJ...746L..13S,Magnetic Topology of a Naked Sunspot: Is It Really Naked?,2012,2,The Astrophysical Journal Letters,746,L13,3,1,13,Sun: magnetic topology; sunspots; Astrophysics - Solar and Stellar Astrophysics,10.1088/2041-8205/746/1/L13,arXiv:1202.0591,https://ui.adsabs.harvard.edu/abs/2012ApJ...746L..13S
2012MNRAS.421.3622P,Study of candidate Be stars in the Magellanic Clouds using near-infrared photometry and optical spectroscopy,2012,4,Monthly Notices of the Royal Astronomical Society,421,3622,5,1,16,techniques: spectroscopic; circumstellar matter; stars: emission-line; Be; Magellanic Clouds; Astrophysics - Solar and Stellar Astrophysics; Astrophysics - Cosmology and Nongalactic Astrophysics,10.1111/j.1365-2966.2012.20591.x,arXiv:1202.3216,https://ui.adsabs.harvard.edu/abs/2012MNRAS.421.3622P
2012SoPh..278...99V,Granular-Scale Elementary Flux Emergence Episodes in a Solar Active Region,2012,5,Solar Physics,278,99,3,1,33,Active regions; Emerging flux; Sunspots; Astrophysics - Solar and Stellar Astrophysics,10.1007/s11207-012-9968-x,arXiv:1203.6428,https://ui.adsabs.harvard.edu/abs/2012SoPh..278...99V
2012SoPh..278...73V,Nonlinear Force-Free Extrapolation of Emerging Flux with a Global Twist and Serpentine Fine Structures,2012,5,Solar Physics,278,73,8,1,63,Active regions; magnetic fields; Magnetic field; photosphere; corona,10.1007/s11207-011-9865-8,,https://ui.adsabs.harvard.edu/abs/2012SoPh..278...73V
2012MNRAS.424.1941C,Dwarf spheroidal satellites of the Milky Way from dark matter free tidal dwarf galaxy progenitors: maps of orbits,2012,8,Monthly Notices of the Royal Astronomical Society,424,1941,4,3,45,Galaxy: general; galaxies: dwarf; galaxies: formation; dark matter; Astrophysics - Astrophysics of Galaxies,10.1111/j.1365-2966.2012.21319.x,arXiv:1205.5029,https://ui.adsabs.harvard.edu/abs/2012MNRAS.424.1941C
2012P&SS...70...59F,The 2009 Apparition of methuselah comet 107P/Wilson-Harrington: A case of comet rejuvenation?,2012,9,Planetary and Space Science,70,59,8,1,6,Astrophysics - Earth and Planetary Astrophysics,10.1016/j.pss.2012.05.022,arXiv:1205.6874,https://ui.adsabs.harvard.edu/abs/2012P&SS...70...59F
2012ApJ...756...82P,On the Relativistic Precession and Oscillation Frequencies of Test Particles around Rapidly Rotating Compact Stars,2012,9,The Astrophysical Journal,756,82,3,2,16,black hole physics; celestial mechanics; stars: neutron; stars: oscillations; X-rays: binaries; Astrophysics - Solar and Stellar Astrophysics; General Relativity and Quantum Cosmology,10.1088/0004-637X/756/1/82,arXiv:1112.1712,https://ui.adsabs.harvard.edu/abs/2012ApJ...756...82P
2012AcA....62..247U,Photometric Maps Based on the OGLE-III Shallow Survey in the Large Magellanic Cloud,2012,9,Acta Astronomica,62,247,11,1,25,Magellanic Clouds; Surveys; Catalogs; Techniques: photometric; Astrophysics - Solar and Stellar Astrophysics; Astrophysics - Galaxy Astrophysics,10.48550/arXiv.1210.4702,arXiv:1210.4702,https://ui.adsabs.harvard.edu/abs/2012AcA....62..247U
2012SoPh..280..335A,Magneto-Acoustic Energetics Study of the Seismically Active Flare of 15 February 2011,2012,10,Solar Physics,280,335,6,3,35,Magnetic field variation; Flares; Sunquakes; Astrophysics - Solar and Stellar Astrophysics,10.1007/s11207-012-0009-6,arXiv:1203.3907,https://ui.adsabs.harvard.edu/abs/2012SoPh..280..335A
2012MNRAS.427.2613C,Millennium simulation dark matter haloes: multifractal and lacunarity analysis and the transition to homogeneity,2012,12,Monthly Notices of the Royal Astronomical Society,427,2613,2,2,13,methods: statistical; dark matter; large-scale structure of Universe; Astrophysics - Cosmology and Nongalactic Astrophysics; General Relativity and Quantum Cosmology,10.1111/j.1365-2966.2012.22095.x,arXiv:1209.2637,https://ui.adsabs.harvard.edu/abs/2012MNRAS.427.2613C
2013MNRAS.428.2489L,The velocity shear tensor: tracer of halo alignment,2013,1,Monthly Notices of the Royal Astronomical Society,428,2489,7,1,145,galaxies: haloes; cosmology: theory; dark matter; large scale structure of Universe; Astrophysics - Cosmology and Nongalactic Astrophysics; Astrophysics - Astrophysics of Galaxies,10.1093/mnras/sts216,arXiv:1210.4559,https://ui.adsabs.harvard.edu/abs/2013MNRAS.428.2489L
2013AAABS...4..150Q,Survival of galaxy disks in a ΛCDM cosmology,2013,1,Asociacion Argentina de Astronomia La Plata Argentina Book Series,4,150,6,3,0,,,,https://ui.adsabs.harvard.edu/abs/2013AAABS...4..150Q
2013NewA...20....7M,Is the Sgr dSph a dark matter dominated system?,2013,4,New Astronomy,20,7,2,2,0,Astrophysics - Astrophysics of Galaxies,10.1016/j.newast.2012.09.001,arXiv:1209.1116,https://ui.adsabs.harvard.edu/abs/2013NewA...20....7M
2013ApJ...767L...5F,The Kinematics of the Local Group in a Cosmological Context,2013,4,The Astrophysical Journal Letters,767,L5,5,2,21,galaxies: kinematics and dynamics; Local Group; methods: numerical; Astrophysics - Cosmology and Nongalactic Astrophysics,10.1088/2041-8205/767/1/L5,arXiv:1303.2690,https://ui.adsabs.harvard.edu/abs/2013ApJ...767L...5F
2013MNRAS.431.2278G,A study on the universality and linearity of the Leavitt law in the LMC and SMC galaxies,2013,5,Monthly Notices of the Royal Astronomical Society,431,2278,3,3,18,methods: statistical; stars: variables: Cepheids; Magellanic Clouds; Astrophysics - Solar and Stellar Astrophysics; Astrophysics - Astrophysics of Galaxies,10.1093/mnras/stt325,arXiv:1303.0809,https://ui.adsabs.harvard.edu/abs/2013MNRAS.431.2278G
2013AcA....63..159U,Variable Stars from the OGLE-III Shallow Survey in the Large Magellanic Cloud,2013,6,Acta Astronomica,63,159,11,1,34,Magellanic Clouds; Surveys; Catalogs; Cepheids; Stars: late type; binaries: eclipsing; Astrophysics - Solar and Stellar Astrophysics,10.48550/arXiv.1306.4802,arXiv:1306.4802,https://ui.adsabs.harvard.edu/abs/2013AcA....63..159U
2013A&A...555A..19G,Recurrent coronal jets induced by repetitively accumulated electric currents,2013,7,Astronomy and Astrophysics,555,A19,6,1,75,magnetic fields; Sun: corona; Sun: surface magnetism; Sun: UV radiation; Astrophysics - Solar and Stellar Astrophysics,10.1051/0004-6361/201321229,arXiv:1305.0902,https://ui.adsabs.harvard.edu/abs/2013A&A...555A..19G
2013SpPol..29..190L,Prospects and opportunities for space collaboration with Latin America: What can India contribute and gain?,2013,8,Space Policy,29,190,2,1,3,Space; Satellites; India; Latin America; Collaboration,10.1016/j.spacepol.2013.06.005,,https://ui.adsabs.harvard.edu/abs/2013SpPol..29..190L
2013AN....334..691R,The MultiDark Database: Release of the Bolshoi and MultiDark cosmological simulations,2013,8,Astronomische Nachrichten,334,691,11,1,184,%simulation; cosmology; database; Virtual Observatory,10.1002/asna.201211900,,https://ui.adsabs.harvard.edu/abs/2013AN....334..691R
2013A&A...556A..73S,EVN observations of 6.7 GHz methanol maser polarization in massive star-forming regions. II. First statistical results,2013,8,Astronomy and Astrophysics,556,A73,5,1,22,stars: formation; masers; polarization; magnetic fields; Astrophysics - Solar and Stellar Astrophysics; Astrophysics - Astrophysics of Galaxies,10.1051/0004-6361/201321501,arXiv:1306.6335,https://ui.adsabs.harvard.edu/abs/2013A&A...556A..73S
2013A&A...556A...1T,The 2.3 GHz continuum survey of the GEM project,2013,8,Astronomy and Astrophysics,556,A1,14,1,12,surveys; Galaxy: structure; radio continuum: general; radio continuum: ISM,10.1051/0004-6361/20079306,,https://ui.adsabs.harvard.edu/abs/2013A&A...556A...1T
2013MNRAS.434.1821F,"The location of Asteroidal Belt Comets (ABCs), in a comet's evolutionary diagram: The Lazarus Comets",2013,9,Monthly Notices of the Royal Astronomical Society,434,1821,3,3,9,comets: general; minor planets; asteroids: general; Astrophysics - Earth and Planetary Astrophysics,10.1093/mnras/stt839,arXiv:1305.2621,https://ui.adsabs.harvard.edu/abs/2013MNRAS.434.1821F
2013RMxAA..49..301H,PAHs as Tracers of Local AGN-Starburst Connection,2013,10,Revista Mexicana de Astronomia y Astrofisica,49,301,2,1,2,galaxies: active; galaxies: general; galaxies: nuclei; Astrophysics - Cosmology and Extragalactic Astrophysics,10.48550/arXiv.1308.1375,arXiv:1308.1375,https://ui.adsabs.harvard.edu/abs/2013RMxAA..49..301H
2013ApJ...776L..33H,Magnetic Shielding of Exomoons beyond the Circumplanetary Habitable Edge,2013,10,The Astrophysical Journal Letters,776,L33,2,1,34,astrobiology; celestial mechanics; methods: analytical; planets and satellites: magnetic fields; planets and satellites: physical evolution; planet-star interactions; Astrophysics - Earth and Planetary Astrophysics,10.1088/2041-8205/776/2/L33,arXiv:1309.0811,https://ui.adsabs.harvard.edu/abs/2013ApJ...776L..33H
2013A&A...559A...1S,Twisting solar coronal jet launched at the boundary of an active region,2013,11,Astronomy and Astrophysics,559,A1,10,1,101,Sun: magnetic topology; Sun: UV radiation; Sun: corona; Sun: surface magnetism; Astrophysics - Solar and Stellar Astrophysics,10.1051/0004-6361/201322181,arXiv:1309.6514,https://ui.adsabs.harvard.edu/abs/2013A&A...559A...1S
2013GReGr..45.2529R,Can smooth LTB models mimicking the cosmological constant for the luminosity distance also satisfy the age constraint?,2013,12,General Relativity and Gravitation,45,2529,1,1,0,Inhomogeneous cosmological model; LTB solution,10.1007/s10714-013-1602-1,,https://ui.adsabs.harvard.edu/abs/2013GReGr..45.2529R
2014SoPh..289..809M,Transient Artifacts in a Flare Observed by the Helioseismic and Magnetic Imager on the Solar Dynamics Observatory,2014,3,Solar Physics,289,809,4,1,11,Particle acceleration; Flares; Chromospheric heating; Solar Dynamics Observatory; Astrophysics - Solar and Stellar Astrophysics,10.1007/s11207-013-0358-9,arXiv:1307.5097,https://ui.adsabs.harvard.edu/abs/2014SoPh..289..809M
2014PASP..126..219S,Search for Southern Galactic Be Star Candidates,2014,3,Publications of the Astronomical Society of the Pacific,126,219,3,3,3,,10.1086/675972,,https://ui.adsabs.harvard.edu/abs/2014PASP..126..219S
2014GReGr..46.1674G,Exact relativistic models of perfect fluid disks in a magnetic field,2014,3,General Relativity and Gravitation,46,1674,2,2,4,General relativity; Thin disks; Einstein-Maxwell equations; General Relativity and Quantum Cosmology,10.1007/s10714-014-1674-6,arXiv:1307.2281,https://ui.adsabs.harvard.edu/abs/2014GReGr..46.1674G
2014P&SS...96..114F,The impending demise of comet C/2012 S1 (ISON),2014,6,Planetary and Space Science,96,114,1,1,5,Astrophysics - Earth and Planetary Astrophysics,10.1016/j.pss.2014.03.007,arXiv:1310.0552,https://ui.adsabs.harvard.edu/abs/2014P&SS...96..114F
2014MNRAS.441.1513O,Galaxy cluster mass reconstruction project - I. Methods and first results on galaxy-based techniques,2014,6,Monthly Notices of the Royal Astronomical Society,441,1513,21,1,79,methods: numerical; methods: statistical; galaxies: clusters: general; galaxies: haloes; galaxies: kinematics and dynamics; cosmology: observations; Astrophysics - Cosmology and Nongalactic Astrophysics,10.1093/mnras/stu545,arXiv:1403.4610,https://ui.adsabs.harvard.edu/abs/2014MNRAS.441.1513O
2014ApJ...787L..34F,The Abundance of Bullet Groups in ΛCDM,2014,6,The Astrophysical Journal Letters,787,L34,5,2,7,dark matter; galaxies: clusters: individual: SL2S J08544─0121; galaxies: interactions; methods: numerical; Astrophysics - Cosmology and Nongalactic Astrophysics,10.1088/2041-8205/787/2/L34,arXiv:1404.5636,https://ui.adsabs.harvard.edu/abs/2014ApJ...787L..34F
2014MNRAS.442.1731F,The location of Oort Cloud comets C/2011 L4 Panstarrs and C/2012 S1 ISON on a comet evolutionary diagram,2014,8,Monthly Notices of the Royal Astronomical Society,442,1731,1,1,8,comets: general; comets: individual: C/2011 L4 Panstarrs; comets: individual: C/2012 S1 ISON; minor planets; asteroids; Astrophysics - Earth and Planetary Astrophysics,10.1093/mnras/stu820,arXiv:1306.5010,https://ui.adsabs.harvard.edu/abs/2014MNRAS.442.1731F
2014P&SS...99..171F,"Three predictions: Comet 67P/Churyumov-Gerasimenko, comet C/2012 K1 PANSTARRS, and comet C/2013 V5 Oukaimeden",2014,9,Planetary and Space Science,99,171,1,1,2,Astrophysics - Earth and Planetary Astrophysics,10.1016/j.pss.2014.05.005,arXiv:1403.1781,https://ui.adsabs.harvard.edu/abs/2014P&SS...99..171F
2014MNRAS.443.1090F,"Cosmic web alignments with the shape, angular momentum and peculiar velocities of dark matter haloes",2014,9,Monthly Notices of the Royal Astronomical Society,443,1090,3,1,107,methods: numerical; galaxies: haloes; cosmology: theory; dark matter; large-scale structure of Universe; Astrophysics - Cosmology and Nongalactic Astrophysics,10.1093/mnras/stu1150,arXiv:1406.0508,https://ui.adsabs.harvard.edu/abs/2014MNRAS.443.1090F
2014MNRAS.444.3829B,The effect of spatial resolution on optical and near-IR studies of stellar clusters: implications for the origin of the red excess,2014,11,Monthly Notices of the Royal Astronomical Society,444,3829,9,1,11,ISM: bubbles; H II regions; galaxies: star clusters; Astrophysics - Astrophysics of Galaxies,10.1093/mnras/stu1695,arXiv:1408.4163,https://ui.adsabs.harvard.edu/abs/2014MNRAS.444.3829B
2014ApJ...795..120G,The Impact of Gas Bulk Rotation on the Lyα Line,2014,11,The Astrophysical Journal,795,120,3,2,11,galaxies: high-redshift; line: formation; methods: numerical; radiative transfer; Astrophysics - Astrophysics of Galaxies; Astrophysics - Cosmology and Nongalactic Astrophysics,10.1088/0004-637X/795/2/120,arXiv:1408.2561,https://ui.adsabs.harvard.edu/abs/2014ApJ...795..120G
2014AdSpR..54.1949L,Prediction of horizontal gas-solid flows under different gravitational fields,2014,11,Advances in Space Research,54,1949,2,2,0,,10.1016/j.asr.2014.07.001,,https://ui.adsabs.harvard.edu/abs/2014AdSpR..54.1949L
2014A&A...571A..65V,Characterizing SL2S galaxy groups using the Einstein radius,2014,11,Astronomy and Astrophysics,571,A65,14,3,9,gravitational lensing: strong; galaxies: groups: general; Astrophysics - Cosmology and Nongalactic Astrophysics,10.1051/0004-6361/201423696,arXiv:1409.2900,https://ui.adsabs.harvard.edu/abs/2014A&A...571A..65V
2014ApJ...796...94M,Stability of Hall Equilibria in Neutron Star Crusts,2014,12,The Astrophysical Journal,796,94,4,1,29,instabilities; magnetic fields; stars: magnetars; stars: magnetic field; stars: neutron; Astrophysics - High Energy Astrophysical Phenomena; Astrophysics - Solar and Stellar Astrophysics,10.1088/0004-637X/796/2/94,arXiv:1410.5833,https://ui.adsabs.harvard.edu/abs/2014ApJ...796...94M
2015ApJ...799...45F,The Local Group in the Cosmic Web,2015,1,The Astrophysical Journal,799,45,2,1,25,dark matter; Local Group; Astrophysics - Cosmology and Nongalactic Astrophysics; Astrophysics - Astrophysics of Galaxies,10.1088/0004-637X/799/1/45,arXiv:1408.3166,https://ui.adsabs.harvard.edu/abs/2015ApJ...799...45F
2015SoPh..290..301V,Evolution of Small-Scale Magnetic Elements in the Vicinity of Granular-Sized Swirl Convective Motions,2015,2,Solar Physics,290,301,5,1,17,Sun: convection; Sun: granulation; Sun: photosphere; Sun: magnetic fields; Astrophysics - Solar and Stellar Astrophysics,10.1007/s11207-014-0626-3,arXiv:1405.2380,https://ui.adsabs.harvard.edu/abs/2015SoPh..290..301V
2015Ap&SS.355..381G,A viable model for modified gravity,2015,2,Astrophysics and Space Science,355,381,1,1,1,Modified gravity; Dark energy; Cosmological constant; General Relativity and Quantum Cosmology,10.1007/s10509-014-2178-2,arXiv:1408.5644,https://ui.adsabs.harvard.edu/abs/2015Ap&SS.355..381G
2015A&A...575A..62N,No evidence for significant age spreads in young massive LMC clusters,2015,3,Astronomy and Astrophysics,575,A62,4,1,75,galaxies: star clusters: general; Magellanic Clouds; Hertzsprung-Russell and C-M diagrams; stars: evolution; Astrophysics - Astrophysics of Galaxies; Astrophysics - Solar and Stellar Astrophysics,10.1051/0004-6361/201424455,arXiv:1501.02275,https://ui.adsabs.harvard.edu/abs/2015A&A...575A..62N
2015ApJ...803L..14Z,A Novel Method for Identifying Exoplanetary Rings,2015,4,The Astrophysical Journal Letters,803,L14,4,3,59,methods: analytical; occultations; planets and satellites: rings; techniques: photometric; Astrophysics - Earth and Planetary Astrophysics,10.1088/2041-8205/803/1/L14,arXiv:1502.07818,https://ui.adsabs.harvard.edu/abs/2015ApJ...803L..14Z
2015MNRAS.449.1897O,Galaxy Cluster Mass Reconstruction Project - II. Quantifying scatter and bias using contrasting mock catalogues,2015,5,Monthly Notices of the Royal Astronomical Society,449,1897,24,1,84,methods: numerical; methods: statistical; galaxies: haloes; galaxies: kinematics and dynamics; cosmology: observations; Astrophysics - Cosmology and Nongalactic Astrophysics; Astrophysics - Astrophysics of Galaxies,10.1093/mnras/stv421,arXiv:1502.07347,https://ui.adsabs.harvard.edu/abs/2015MNRAS.449.1897O
2015MNRAS.449.1106H,"Studying the YMC population of M83: how long clusters remain embedded, their interaction with the ISM and implications for GC formation theories",2015,5,Monthly Notices of the Royal Astronomical Society,449,1106,7,1,135,galaxies: star clusters: general; Astrophysics - Astrophysics of Galaxies,10.1093/mnras/stv331,arXiv:1502.03823,https://ui.adsabs.harvard.edu/abs/2015MNRAS.449.1106H
2015GReGr..47...54G,Conformastationary disk-haloes in Einstein-Maxwell gravity,2015,5,General Relativity and Gravitation,47,54,1,1,9,Relativistic disks; Einstein-Maxwell equations; Exact solutions; Conformastationary space-time; Galactic halo; General Relativity and Quantum Cosmology,10.1007/s10714-015-1898-0,arXiv:1410.3148,https://ui.adsabs.harvard.edu/abs/2015GReGr..47...54G
2015PASP..127..523P,Identification of Potential Sites for Astronomical Observations in Northern South America,2015,6,Publications of the Astronomical Society of the Pacific,127,523,3,3,2,Astrophysics - Instrumentation and Methods for Astrophysics,10.1086/682025,arXiv:1504.06033,https://ui.adsabs.harvard.edu/abs/2015PASP..127..523P
2015ApJ...805..167S,Properties of Chromospheric Evaporation and Plasma Dynamics of a Solar Flare from Iris,2015,6,The Astrophysical Journal,805,167,6,1,45,magnetic fields; Sun: activity; Sun: atmosphere; Sun: flares; Sun: UV radiation; Astrophysics - Solar and Stellar Astrophysics,10.1088/0004-637X/805/2/167,arXiv:1412.0172,https://ui.adsabs.harvard.edu/abs/2015ApJ...805..167S
2015IJAsB..14..391M,Circumbinary habitability niches,2015,7,International Journal of Astrobiology,14,391,4,2,22,circumbinary: habitability; binaries: general; planet-star interactions; stars:activity; Astrophysics - Earth and Planetary Astrophysics; Astrophysics - Solar and Stellar Astrophysics,10.1017/S1473550414000342,arXiv:1408.5163,https://ui.adsabs.harvard.edu/abs/2015IJAsB..14..391M
2015ApJS..219...30L,Relativistic Bondi-Hoyle-Lyttleton Accretion onto a Rotating Black Hole: Density Gradients,2015,8,The Astrophysical Journal Supplement Series,219,30,3,1,36,accretion; accretion disks; black hole physics; hydrodynamics; methods: numerical; relativistic processes; Astrophysics - High Energy Astrophysical Phenomena,10.1088/0067-0049/219/2/30,arXiv:1506.08713,https://ui.adsabs.harvard.edu/abs/2015ApJS..219...30L
2015ApJ...809...73M,Parallel Evolution of Quasi-separatrix Layers and Active Region Upflows,2015,8,The Astrophysical Journal,809,73,9,1,33,Sun: atmosphere; Sun: corona; Sun: magnetic fields; Astrophysics - Solar and Stellar Astrophysics,10.1088/0004-637X/809/1/73,arXiv:1507.01264,https://ui.adsabs.harvard.edu/abs/2015ApJ...809...73M
2015MNRAS.452..525R,Sizes and shapes of young star cluster light profiles in M83,2015,9,Monthly Notices of the Royal Astronomical Society,452,525,9,1,63,galaxies: individual: M83; galaxies: star clusters: general; Astrophysics - Astrophysics of Galaxies; Astrophysics - Solar and Stellar Astrophysics,10.1093/mnras/stv1282,arXiv:1506.02042,https://ui.adsabs.harvard.edu/abs/2015MNRAS.452..525R
2015MNRAS.452..246A,"Probing the role of the galactic environment in the formation of stellar clusters, using M83 as a test bench",2015,9,Monthly Notices of the Royal Astronomical Society,452,246,5,1,183,galaxies: spiral; galaxies: star clusters; galaxies: star formation; Astrophysics - Astrophysics of Galaxies; Astrophysics - Cosmology and Nongalactic Astrophysics,10.1093/mnras/stv1203,arXiv:1505.07475,https://ui.adsabs.harvard.edu/abs/2015MNRAS.452..246A
2015AdSpR..56.1212M,Evaluation of lunar regolith geopolymer binder as a radioactive shielding material for space exploration applications,2015,9,Advances in Space Research,56,1212,8,1,85,Moon construction; Geopolymer; Lunar regolith; Radiation protection; Concrete; Inorganic polymer,10.1016/j.asr.2015.05.044,,https://ui.adsabs.harvard.edu/abs/2015AdSpR..56.1212M
2015MNRAS.453..497B,Tensor anisotropy as a tracer of cosmic voids,2015,10,Monthly Notices of the Royal Astronomical Society,453,497,2,2,2,methods: data analysis; methods: numerical; cosmology: theory; large-scale structure of Universe; Astrophysics - Cosmology and Nongalactic Astrophysics,10.1093/mnras/stv1637,arXiv:1507.05178,https://ui.adsabs.harvard.edu/abs/2015MNRAS.453..497B
2015ApJ...811..131A,Magnetospheric Accretion in Close Pre-main-sequence Binaries,2015,10,The Astrophysical Journal,811,131,5,1,14,binaries: spectroscopic; stars: pre-main sequence; stars: variables: T Tauri; Herbig Ae/Be; techniques: spectroscopic; ultraviolet: stars,10.1088/0004-637X/811/2/131,,https://ui.adsabs.harvard.edu/abs/2015ApJ...811..131A
2015SoPh..290.3151B,A Statistical Correlation of Sunquakes Based on Their Seismic and White-Light Emission,2015,11,Solar Physics,290,3151,7,2,25,Helioseismology; Flares; white-light flares; Astrophysics - Solar and Stellar Astrophysics,10.1007/s11207-015-0786-9,arXiv:1502.07798,https://ui.adsabs.harvard.edu/abs/2015SoPh..290.3151B
2015AN....336..815A,Emission of gravitational waves by precession of slim accretion disks dynamically driven by the Bardeen-Petterson effect,2015,11,Astronomische Nachrichten,336,815,3,3,0,,10.1002/asna.201512222,,https://ui.adsabs.harvard.edu/abs/2015AN....336..815A
2015GReGr..47..144G,Variational thermodynamics of relativistic thin disks,2015,12,General Relativity and Gravitation,47,144,3,1,0,Relativistic disks thermodynamics; Multifluids; Exact solutions,10.1007/s10714-015-1972-7,,https://ui.adsabs.harvard.edu/abs/2015GReGr..47..144G
2016MNRAS.456.1654A,"NGC 147, NGC 185 and CassII: a genetic approach to orbital properties, star formation and tidal debris",2016,2,Monthly Notices of the Royal Astronomical Society,456,1654,12,1,14,methods: numerical; galaxies: dwarf; galaxies: individual: NGC 147; galaxies: individual: NGC 185; galaxies: individual: CassII; Local Group; Astrophysics - Astrophysics of Galaxies,10.1093/mnras/stv2781,arXiv:1511.08289,https://ui.adsabs.harvard.edu/abs/2016MNRAS.456.1654A
2016JCAP...02..063K,DBI Galileon inflation in the light of Planck 2015,2016,2,Journal of Cosmology and Astroparticle Physics,2016,063,5,1,6,,10.1088/1475-7516/2016/02/063,,https://ui.adsabs.harvard.edu/abs/2016JCAP...02..063K
2016ApJ...818..160Z,Constraining the Radiation and Plasma Environment of the Kepler Circumbinary Habitable-zone Planets,2016,2,The Astrophysical Journal,818,160,3,2,16,binaries: general; planet─star interactions; planets and satellites: individual: Kepler-16b; Kepler-47c; Kepler-453b; stars: activity; Astrophysics - Earth and Planetary Astrophysics; Astrophysics - Solar and Stellar Astrophysics,10.3847/0004-637X/818/2/160,arXiv:1501.00296,https://ui.adsabs.harvard.edu/abs/2016ApJ...818..160Z
2016ApJ...818..119I,Entropy-vortex Waves in Non-adiabatic Flows,2016,2,The Astrophysical Journal,818,119,1,1,4,hydrodynamics; instabilities; waves,10.3847/0004-637X/818/2/119,,https://ui.adsabs.harvard.edu/abs/2016ApJ...818..119I
2016ApJ...818...56F,Impulsivity Parameter for Solar Flares,2016,2,The Astrophysical Journal,818,56,4,3,4,methods: data analysis; Sun: flares; Sun: X-rays; gamma-rays; Astrophysics - Solar and Stellar Astrophysics,10.3847/0004-637X/818/1/56,arXiv:1602.03958,https://ui.adsabs.harvard.edu/abs/2016ApJ...818...56F
2016JCAP...04..054C,A study for testing the Kerr metric with AGN iron line eclipses,2016,4,Journal of Cosmology and Astroparticle Physics,2016,054,3,0,4,General Relativity and Quantum Cosmology; Astrophysics - High Energy Astrophysical Phenomena,10.1088/1475-7516/2016/04/054,arXiv:1603.04115,https://ui.adsabs.harvard.edu/abs/2016JCAP...04..054C
2016A&C....15....1N,SPOKES: An end-to-end simulation facility for spectroscopic cosmological surveys,2016,4,Astronomy and Computing,15,1,18,1,7,Computation; Cosmology; Simulation; Spectroscopy; Extragalactic; Galaxies; Astrophysics - Instrumentation and Methods for Astrophysics; Astrophysics - Cosmology and Nongalactic Astrophysics,10.1016/j.ascom.2016.02.001,arXiv:1602.01480,https://ui.adsabs.harvard.edu/abs/2016A&C....15....1N
2016ApJ...823....4D,Excitation of Coupled Stellar Motions in the Galactic Disk by Orbiting Satellites,2016,5,The Astrophysical Journal,823,4,5,1,86,galaxies: kinematics and dynamics; Galaxy: disk; Galaxy: evolution; stars: kinematics and dynamics; Astrophysics - Astrophysics of Galaxies,10.3847/0004-637X/823/1/4,arXiv:1511.01503,https://ui.adsabs.harvard.edu/abs/2016ApJ...823....4D
2016ApJ...824L...6R,Binary Neutron Star Mergers: A Jet Engine for Short Gamma-Ray Bursts,2016,6,The Astrophysical Journal Letters,824,L6,4,1,229,black hole physics; gamma-ray burst: general; gravitation; gravitational waves; stars: neutron; Astrophysics - High Energy Astrophysical Phenomena; General Relativity and Quantum Cosmology,10.3847/2041-8205/824/1/L6,arXiv:1604.02455,https://ui.adsabs.harvard.edu/abs/2016ApJ...824L...6R
2016ApJ...824...74G,"The Influential Effect of Blending, Bump, Changing Period, and Eclipsing Cepheids on the Leavitt Law",2016,6,The Astrophysical Journal,824,74,5,5,5,Magellanic Clouds; methods: statistical; stars: variables: Cepheids; Astrophysics - Solar and Stellar Astrophysics,10.3847/0004-637X/824/2/74,arXiv:1604.04814,https://ui.adsabs.harvard.edu/abs/2016ApJ...824...74G
2016ApJ...824...39V,On the Conservation of the Vertical Action in Galactic Disks,2016,6,The Astrophysical Journal,824,39,2,2,19,Galaxy: disk; Galaxy: evolution; galaxies: kinematics and dynamics; stars: kinematics and dynamics,10.3847/0004-637X/824/1/39,,https://ui.adsabs.harvard.edu/abs/2016ApJ...824...39V
2016JCAP...07..049N,Iron Kα line of Kerr black holes with scalar hair,2016,7,Journal of Cosmology and Astroparticle Physics,2016,049,6,1,93,General Relativity and Quantum Cosmology; Astrophysics - High Energy Astrophysical Phenomena,10.1088/1475-7516/2016/07/049,arXiv:1606.04654,https://ui.adsabs.harvard.edu/abs/2016JCAP...07..049N
2016MNRAS.460.3193C,Non-axisymmetric relativistic wind accretion with velocity gradients on to a rotating black hole,2016,8,Monthly Notices of the Royal Astronomical Society,460,3193,2,1,17,black hole physics; hydrodynamics; relativistic processes; methods: numerical; Astrophysics - High Energy Astrophysical Phenomena,10.1093/mnras/stw1149,arXiv:1605.04176,https://ui.adsabs.harvard.edu/abs/2016MNRAS.460.3193C
2016ApJ...828....5M,Impact of Cosmic Variance on the Galaxy-Halo Connection for Lyα Emitters,2016,9,The Astrophysical Journal,828,5,2,2,2,dark matter; galaxies: halos; galaxies: high-redshift; galaxies: statistics; methods: numerical; Astrophysics - Astrophysics of Galaxies,10.3847/0004-637X/828/1/5,arXiv:1606.07443,https://ui.adsabs.harvard.edu/abs/2016ApJ...828....5M
2016ApJ...828....4S,Relationship Between Chromospheric Evaporation and Magnetic Field Topology in an M-Class Solar Flare,2016,9,The Astrophysical Journal,828,4,5,1,17,Sun: activity; Sun: chromosphere; Sun: flares; Sun: magnetic fields; Sun: UV radiation; techniques: spectroscopic; Astrophysics - Solar and Stellar Astrophysics,10.3847/0004-637X/828/1/4,arXiv:1604.05346,https://ui.adsabs.harvard.edu/abs/2016ApJ...828....4S
2016JCAP...10..003C,Iron Kα line of boson stars,2016,10,Journal of Cosmology and Astroparticle Physics,2016,003,6,1,36,General Relativity and Quantum Cosmology; Astrophysics - High Energy Astrophysical Phenomena,10.1088/1475-7516/2016/10/003,arXiv:1609.00901,https://ui.adsabs.harvard.edu/abs/2016JCAP...10..003C
2016IJAsB..15..319M,Evolution through the stochastic dyadic Cantor Set: the uniqueness of mankind in the Universe,2016,10,International Journal of Astrobiology,15,319,1,1,1,Cantor set; evolutionary chaos; nonlinear chaotic behaviours; planetary formation,10.1017/S1473550415000415,,https://ui.adsabs.harvard.edu/abs/2016IJAsB..15..319M
2016GReGr..48..124P,The energy-momentum tensor for a dissipative fluid in general relativity,2016,10,General Relativity and Gravitation,48,124,3,3,45,Classical general relativity; Self-gravitating systems; Continuous media and classical fields in curved spacetime; General theory in fluid dynamics; General Relativity and Quantum Cosmology,10.1007/s10714-016-2121-7,arXiv:1604.01318,https://ui.adsabs.harvard.edu/abs/2016GReGr..48..124P
2016GReGr..48..146G,Newman-Janis Ansatz in conformastatic spacetimes,2016,11,General Relativity and Gravitation,48,146,2,1,2,Exact solutions; Newman-Janis Ansatz; Conformastatic fields,10.1007/s10714-016-2144-0,,https://ui.adsabs.harvard.edu/abs/2016GReGr..48..146G
2016Univ....2...31B,The Problem of Embedded Eigenvalues for the Dirac Equation in the Schwarzschild Black Hole Metric,2016,12,Universe,2,31,3,1,20,black hole physics; Dirac equation in curved spacetime; bound states; General Relativity and Quantum Cosmology,10.3390/universe2040031,arXiv:1701.03889,https://ui.adsabs.harvard.edu/abs/2016Univ....2...31B
2016MNRAS.463.1592C,Spin-orbit evolution of the GJ 667C system: the effect of composition and other planets' perturbations,2016,12,Monthly Notices of the Royal Astronomical Society,463,1592,6,4,8,planets and satellites: dynamical evolution and stability; planets and satellites: individual: GJ 667C; planet-star interactions; Astrophysics - Earth and Planetary Astrophysics,10.1093/mnras/stw1961,arXiv:1606.07546,https://ui.adsabs.harvard.edu/abs/2016MNRAS.463.1592C
2016MNRAS.463.1587C,Anomalous precession of planets for a Weyl conformastatic solution,2016,12,Monthly Notices of the Royal Astronomical Society,463,1587,3,1,10,gravitation; relativistic processes; ephemerides; General Relativity and Quantum Cosmology; Astrophysics - Earth and Planetary Astrophysics,10.1093/mnras/stw1958,arXiv:1606.05263,https://ui.adsabs.harvard.edu/abs/2016MNRAS.463.1587C
2016ApJ...833...65M,Boosting Lyα and He II λ1640 Line Fluxes from Population III Galaxies: Stochastic IMF Sampling and Departures from Case-B,2016,12,The Astrophysical Journal,833,65,3,1,32,dark ages; reionization; first stars; galaxies: high-redshift; galaxies: starburst; quasars: emission lines; stars: atmospheres; stars: Population III; Astrophysics - Astrophysics of Galaxies,10.3847/1538-4357/833/1/65,arXiv:1609.02150,https://ui.adsabs.harvard.edu/abs/2016ApJ...833...65M
2016ApJ...833...42V,The Imprint of Radial Migration on the Vertical Structure of Galaxy Disks,2016,12,The Astrophysical Journal,833,42,3,1,29,galaxies: kinematics and dynamics; Galaxy: disk; Galaxy: evolution; stars: kinematics and dynamics; Astrophysics - Astrophysics of Galaxies,10.3847/1538-4357/833/1/42,arXiv:1605.03575,https://ui.adsabs.harvard.edu/abs/2016ApJ...833...42V
2016ApJ...832..169P,Quantifying and Controlling Biases in Estimates of Dark Matter Halo Concentration,2016,12,The Astrophysical Journal,832,169,3,3,9,dark matter; galaxies: halos; methods: numerical; Astrophysics - Cosmology and Nongalactic Astrophysics,10.3847/0004-637X/832/2/169,arXiv:1609.08179,https://ui.adsabs.harvard.edu/abs/2016ApJ...832..169P
2017PASP..129a4203S,Evidence of Dissipation of Circumstellar Disks from L-band Spectra of Bright Galactic Be Stars,2017,1,Publications of the Astronomical Society of the Pacific,129,014203,5,3,11,,10.1088/1538-3873/129/971/014203,,https://ui.adsabs.harvard.edu/abs/2017PASP..129a4203S
2017ApJ...835....8T,Accretion and Magnetic Reconnection in the Classical T Tauri Binary DQ Tau,2017,1,The Astrophysical Journal,835,8,8,1,51,accretion; accretion disks; binaries: close; stars: individual: DQ Tau; stars: formation; Astrophysics - Solar and Stellar Astrophysics,10.3847/1538-4357/835/1/8,arXiv:1612.02431,https://ui.adsabs.harvard.edu/abs/2017ApJ...835....8T
2017MNRAS.465..641F,"On the stability of satellite planes - I. Effects of mass, velocity, halo shape and alignment",2017,2,Monthly Notices of the Royal Astronomical Society,465,641,6,1,37,galaxies: groups: general; galaxies: haloes; Astrophysics - Astrophysics of Galaxies,10.1093/mnras/stw2694,arXiv:1610.05393,https://ui.adsabs.harvard.edu/abs/2017MNRAS.465..641F
2017GReGr..49...20Q,Sources of gravitational waves in asymptotically flat Einstein-Maxwell spacetime,2017,2,General Relativity and Gravitation,49,20,1,1,0,Asymptotic structure of spacetime; Spin; and Center of mass; Gravitational waves; Electromagnetic fields; General Relativity and Quantum Cosmology,10.1007/s10714-016-2181-8,arXiv:1711.11384,https://ui.adsabs.harvard.edu/abs/2017GReGr..49...20Q
2017ApJ...835..215M,Neutrino Astrophysics in Slowly Rotating Spacetimes Permeated by Nonlinear Electrodynamics Fields,2017,2,The Astrophysical Journal,835,215,1,1,3,black hole physics; magnetic fields; neutrinos; nuclear reactions; nucleosynthesis; abundances; supernovae: general,10.3847/1538-4357/aa5266,,https://ui.adsabs.harvard.edu/abs/2017ApJ...835..215M
2017ApJ...835..206L,"Early GRB Afterglows from Reverse Shocks in Ultra-relativistic, Long-lasting Winds",2017,2,The Astrophysical Journal,835,206,2,1,12,gamma-ray burst: general; Astrophysics - High Energy Astrophysical Phenomena,10.3847/1538-4357/835/2/206,arXiv:1612.01162,https://ui.adsabs.harvard.edu/abs/2017ApJ...835..206L
2017P&SS..137...52F,"""Secular light curves of 25 members of the themis family of asteroids, suspected of low level cometary activity""",2017,3,Planetary and Space Science,137,52,3,3,7,Minor planets; Asteroids: general; Comet 107 P/Wilson-Harrington; Astrophysics - Earth and Planetary Astrophysics,10.1016/j.pss.2017.01.011,arXiv:1703.09889,https://ui.adsabs.harvard.edu/abs/2017P&SS..137...52F
2017GReGr..49...34G,Models of spherical shells as sources of Majumdar-Papapetrou type spacetimes,2017,3,General Relativity and Gravitation,49,34,1,1,5,General relativity; Conformastatic spacetimes; Spherical symmetry; Disk-haloes; General Relativity and Quantum Cosmology,10.1007/s10714-017-2197-8,arXiv:1608.01918,https://ui.adsabs.harvard.edu/abs/2017GReGr..49...34G
2017JCAP...04..038A,Combined fit of spectrum and composition data as measured by the Pierre Auger Observatory,2017,4,Journal of Cosmology and Astroparticle Physics,2017,038,200,1,267,Astrophysics - High Energy Astrophysical Phenomena,10.1088/1475-7516/2017/04/038,arXiv:1612.07155,https://ui.adsabs.harvard.edu/abs/2017JCAP...04..038A
2017AdSpR..59.2019R,Unsupervised change detection in a particular vegetation land cover type using spectral angle mapper,2017,4,Advances in Space Research,59,2019,4,2,19,Spectral angle mapper; Change detection; Vegetation land cover; SPOT5; Quickbird,10.1016/j.asr.2017.01.027,,https://ui.adsabs.harvard.edu/abs/2017AdSpR..59.2019R
2017AdSpR..59.1992S,A comprehensive assessment of ionospheric gradients observed in Ecuador during 2013 and 2014 for ground based augmentation systems,2017,4,Advances in Space Research,59,1992,5,4,4,GBAS; Ionospheric threat model; Ecuador; Equatorial anomaly,10.1016/j.asr.2017.02.001,,https://ui.adsabs.harvard.edu/abs/2017AdSpR..59.1992S
2017ApJ...840...84S,Flare Energy Release in the Lower Solar Atmosphere near the Magnetic Field Polarity Inversion Line,2017,5,The Astrophysical Journal,840,84,5,1,17,Sun: chromosphere; Sun: corona; Sun: flares; Sun: magnetic fields; Sun: photosphere; Astrophysics - Solar and Stellar Astrophysics,10.3847/1538-4357/aa6dfd,arXiv:1801.04921,https://ui.adsabs.harvard.edu/abs/2017ApJ...840...84S
2017Ap&SS.362...97D,On the conservation of the Jacobi integral in the post-Newtonian circular restricted three-body problem,2017,5,Astrophysics and Space Science,362,97,3,3,26,Post-Newtonian approximation; Three-body problem; Nonlinear dynamics and chaos; Astrophysics - Earth and Planetary Astrophysics; General Relativity and Quantum Cosmology,10.1007/s10509-017-3076-1,arXiv:1607.00433,https://ui.adsabs.harvard.edu/abs/2017Ap&SS.362...97D
2017MNRAS.467.4951L,Star formation driven galactic winds in UGC 10043,2017,6,Monthly Notices of the Royal Astronomical Society,467,4951,18,1,34,ISM: jets and outflows; galaxies: individual: UGC 10043; galaxies: ISM; galaxies: kinematics and dynamics; Astrophysics - Astrophysics of Galaxies,10.1093/mnras/stw3355,arXiv:1701.01695,https://ui.adsabs.harvard.edu/abs/2017MNRAS.467.4951L
2017JCAP...06..026A,Multi-resolution anisotropy studies of ultrahigh-energy cosmic rays detected at the Pierre Auger Observatory,2017,6,Journal of Cosmology and Astroparticle Physics,2017,026,200,1,27,Astrophysics - High Energy Astrophysical Phenomena,10.1088/1475-7516/2017/06/026,arXiv:1611.06812,https://ui.adsabs.harvard.edu/abs/2017JCAP...06..026A
2017JCAP...06..020H,Reduced bispectrum seeded by helical primordial magnetic fields,2017,6,Journal of Cosmology and Astroparticle Physics,2017,020,2,2,9,Astrophysics - Cosmology and Nongalactic Astrophysics,10.1088/1475-7516/2017/06/020,arXiv:1511.02991,https://ui.adsabs.harvard.edu/abs/2017JCAP...06..020H
2017ApJ...842..133L,(Almost) Dark Galaxies in the ALFALFA Survey: Isolated H I-bearing Ultra-diffuse Galaxies,2017,6,The Astrophysical Journal,842,133,12,1,236,galaxies: evolution; galaxies: star formation; radio lines: galaxies; Astrophysics - Astrophysics of Galaxies,10.3847/1538-4357/aa7575,arXiv:1703.05293,https://ui.adsabs.harvard.edu/abs/2017ApJ...842..133L
2017ApJ...842...76B,Testing the Kerr Black Hole Hypothesis Using X-Ray Reflection Spectroscopy,2017,6,The Astrophysical Journal,842,76,5,1,173,accretion; accretion disks; black hole physics; gravitation; General Relativity and Quantum Cosmology; Astrophysics - High Energy Astrophysical Phenomena,10.3847/1538-4357/aa74c0,arXiv:1607.00596,https://ui.adsabs.harvard.edu/abs/2017ApJ...842...76B
2017JCAP...07..018B,The maximum sizes of large scale structures in alternative theories of gravity,2017,7,Journal of Cosmology and Astroparticle Physics,2017,018,5,1,39,Astrophysics - Cosmology and Nongalactic Astrophysics; General Relativity and Quantum Cosmology,10.1088/1475-7516/2017/07/018,arXiv:1611.05055,https://ui.adsabs.harvard.edu/abs/2017JCAP...07..018B
2017ApJ...844...57N,Magnus: A New Resistive MHD Code with Heat Flow Terms,2017,7,The Astrophysical Journal,844,57,3,3,8,magnetohydrodynamics: MHD; methods: numerical; Sun: atmosphere; Astrophysics - Solar and Stellar Astrophysics; Astrophysics - High Energy Astrophysical Phenomena,10.3847/1538-4357/aa7a13,arXiv:1706.05110,https://ui.adsabs.harvard.edu/abs/2017ApJ...844...57N
2017MNRAS.469.4175V,Proper motion separation of Be star candidates in the Magellanic Clouds and the Milky Way,2017,8,Monthly Notices of the Royal Astronomical Society,469,4175,3,2,2,proper motions; stars: emission-line; Be; Magellanic Clouds; Astrophysics - Astrophysics of Galaxies,10.1093/mnras/stx1047,arXiv:1704.08709,https://ui.adsabs.harvard.edu/abs/2017MNRAS.469.4175V
2017GReGr..49..123D,Description of the evolution of inhomogeneities on a dark matter halo with the Vlasov equation,2017,9,General Relativity and Gravitation,49,123,5,1,13,Cosmology; Dark matter; Numerical methods; General Relativity and Quantum Cosmology; Astrophysics - Cosmology and Nongalactic Astrophysics,10.1007/s10714-017-2286-8,arXiv:1703.03286,https://ui.adsabs.harvard.edu/abs/2017GReGr..49..123D
2017A&A...605A.123P,Machine learning techniques to select Be star candidates. An application in the OGLE-IV Gaia south ecliptic pole field,2017,9,Astronomy and Astrophysics,605,A123,5,4,15,methods: statistical; stars: variables: general; stars: emission-line; Be; catalogs; Astrophysics - Instrumentation and Methods for Astrophysics,10.1051/0004-6361/201628937,arXiv:1707.04560,https://ui.adsabs.harvard.edu/abs/2017A&A...605A.123P
2017RMxAA..53..171M,Elements of a gravitational lens system assuming an elliptical galaxy model,2017,10,Revista Mexicana de Astronomia y Astrofisica,53,171,3,1,0,galaxies: elliptical and lenticular; gravitation; gravitational lensing: strong; gravitational lensing: weak,,,https://ui.adsabs.harvard.edu/abs/2017RMxAA..53..171M
2017PASP..129j5002C,Low Dimensional Embedding of Climate Data for Radio Astronomical Site Testing in the Colombian Andes,2017,10,Publications of the Astronomical Society of the Pacific,129,105002,4,4,3,Astrophysics - Instrumentation and Methods for Astrophysics,10.1088/1538-3873/aa83fe,arXiv:1705.06121,https://ui.adsabs.harvard.edu/abs/2017PASP..129j5002C
2017JCAP...10..023A,Reconstructing the metric of the local Universe from number counts observations,2017,10,Journal of Cosmology and Astroparticle Physics,2017,023,2,2,5,Astrophysics - Cosmology and Nongalactic Astrophysics; General Relativity and Quantum Cosmology,10.1088/1475-7516/2017/10/023,arXiv:1703.08895,https://ui.adsabs.harvard.edu/abs/2017JCAP...10..023A
2017ApJ...848L..12A,Multi-messenger Observations of a Binary Neutron Star Merger,2017,10,The Astrophysical Journal Letters,848,L12,200,0,4140,gravitational waves; stars: neutron; Astrophysics - High Energy Astrophysical Phenomena; General Relativity and Quantum Cosmology,10.3847/2041-8213/aa91c9,arXiv:1710.05833,https://ui.adsabs.harvard.edu/abs/2017ApJ...848L..12A
2017MNRAS.472L.120S,Anomalous light curves of young tilted exorings,2017,11,Monthly Notices of the Royal Astronomical Society,472,L120,4,4,13,techniques: photometric; planets and satellites: dynamical evolution and stability; planets and satellites: rings; stars: individual: KIC-8462852; stars: individual: J1407; stars: individual: PDS-110; Astrophysics - Earth and Planetary Astrophysics,10.1093/mnrasl/slx151,arXiv:1708.04600,https://ui.adsabs.harvard.edu/abs/2017MNRAS.472L.120S
2017MNRAS.471.3127C,Relativistic Bondi-Hoyle-Lyttleton accretion in the presence of small rigid bodies around a black hole,2017,11,Monthly Notices of the Royal Astronomical Society,471,3127,3,1,21,accretion; accretion discs; black hole physics; hydrodynamics; methods: numerical; ISM: clouds; Astrophysics - High Energy Astrophysical Phenomena; General Relativity and Quantum Cosmology,10.1093/mnras/stx1815,arXiv:1707.05548,https://ui.adsabs.harvard.edu/abs/2017MNRAS.471.3127C
2017MNRAS.471.3019A,The effect of close-in giant planets' evolution on tidal-induced migration of exomoons,2017,11,Monthly Notices of the Royal Astronomical Society,471,3019,3,3,31,planets and satellites: dynamical evolution and stability; planets and satellites: physical evolution; Astrophysics - Earth and Planetary Astrophysics,10.1093/mnras/stx1745,arXiv:1707.02906,https://ui.adsabs.harvard.edu/abs/2017MNRAS.471.3019A
2017ApJ...850L..35A,"Search for High-energy Neutrinos from Binary Neutron Star Merger GW170817 with ANTARES, IceCube, and the Pierre Auger Observatory",2017,12,The Astrophysical Journal Letters,850,L35,200,0,206,gamma-ray burst: general; gravitational waves; neutrinos; Astrophysics - High Energy Astrophysical Phenomena,10.3847/2041-8213/aa9aed,arXiv:1710.05839,https://ui.adsabs.harvard.edu/abs/2017ApJ...850L..35A
2017AN....338.1147G,Search for flavor−changing neutral currents in rare top decays,2017,12,Astronomische Nachrichten,338,1147,4,1,0,,10.1002/asna.201713452,,https://ui.adsabs.harvard.edu/abs/2017AN....338.1147G
2017AN....338.1019G,Axisymmetric and spherical sources of Majumdar─Papapetrou type spacetimes,2017,12,Astronomische Nachrichten,338,1019,1,1,0,,10.1002/asna.201713423,,https://ui.adsabs.harvard.edu/abs/2017AN....338.1019G
2018Univ....4...21B,Constraints on Dark Energy Models from Galaxy Clusters and Gravitational Lensing Data,2018,1,Universe,4,21,2,1,12,cosmology; observations; dark matter; dark energy; galaxy clusters; Astrophysics - Cosmology and Nongalactic Astrophysics,10.3390/universe4010021,arXiv:1711.09291,https://ui.adsabs.harvard.edu/abs/2018Univ....4...21B
2018MNRAS.473.2212F,Stability of satellite planes in M31 II: effects of the dark subhalo population,2018,1,Monthly Notices of the Royal Astronomical Society,473,2212,5,1,15,galaxies: haloes; Astrophysics - Astrophysics of Galaxies,10.1093/mnras/stx2483,arXiv:1709.08010,https://ui.adsabs.harvard.edu/abs/2018MNRAS.473.2212F
2018MNRAS.473.1195L,Tracing the cosmic web,2018,1,Monthly Notices of the Royal Astronomical Society,473,1195,30,1,364,methods: data analysis; dark matter; large-scale structure of the Universe; cosmology: theory; Astrophysics - Cosmology and Nongalactic Astrophysics,10.1093/mnras/stx1976,arXiv:1705.03021,https://ui.adsabs.harvard.edu/abs/2018MNRAS.473.1195L
2018ApJ...852...42G,The Solar-flux Third Granulation Signature,2018,1,The Astrophysical Journal,852,42,2,1,13,convection; line: formation; stars: atmospheres; stars: solar-type; Sun: granulation; techniques: radial velocities,10.3847/1538-4357/aa9c82,,https://ui.adsabs.harvard.edu/abs/2018ApJ...852...42G
2018ApJ...852...25C,A Statistical Study of Photospheric Magnetic Field Changes During 75 Solar Flares,2018,1,The Astrophysical Journal,852,25,3,2,38,Sun: flares; Sun: magnetic fields; Sun: photosphere; Astrophysics - Solar and Stellar Astrophysics,10.3847/1538-4357/aa9d37,arXiv:1711.08631,https://ui.adsabs.harvard.edu/abs/2018ApJ...852...25C
2018AdSpR..61..111A,Relative equilibria in quasi-homogeneous planar three body problems,2018,1,Advances in Space Research,61,111,1,1,0,3-body problems; Quasihomogeneous potentials; Relative equilibria; Central configurations,10.1016/j.asr.2017.09.035,,https://ui.adsabs.harvard.edu/abs/2018AdSpR..61..111A
2018MNRAS.474...12F,Modelling the gas kinematics of an atypical Ly α emitting compact dwarf galaxy,2018,2,Monthly Notices of the Royal Astronomical Society,474,12,5,2,2,radiative transfer; methods: numerical; galaxies: dwarf; galaxies: individual: Tololo 1214-277; Astrophysics - Astrophysics of Galaxies,10.1093/mnras/stx2699,arXiv:1710.05534,https://ui.adsabs.harvard.edu/abs/2018MNRAS.474...12F
2018ApJ...853L..29A,An Indication of Anisotropy in Arrival Directions of Ultra-high-energy Cosmic Rays through Comparison to the Flux Pattern of Extragalactic Gamma-Ray Sources,2018,2,The Astrophysical Journal Letters,853,L29,200,1,240,astroparticle physics; cosmic rays; galaxies: active; galaxies: starburst; methods: data analysis; Astrophysics - High Energy Astrophysical Phenomena; Astrophysics - Cosmology and Nongalactic Astrophysics,10.3847/2041-8213/aaa66d,arXiv:1801.06160,https://ui.adsabs.harvard.edu/abs/2018ApJ...853L..29A
2018P&SS..152...55Z,Magnetic properties of Proxima Centauri b analogues,2018,3,Planetary and Space Science,152,55,2,1,15,Planets and satellites: magnetic fields; Planets and satellites: fundamental parameters; Planets and satellites: individual (Proxima Centauri b); Astrophysics - Earth and Planetary Astrophysics,10.1016/j.pss.2018.01.006,arXiv:1609.00707,https://ui.adsabs.harvard.edu/abs/2018P&SS..152...55Z
2018MNRAS.474.3162T,Redshift determination of the BL Lac object 3C 66A by the detection of its host galaxy cluster at z = 0.340,2018,3,Monthly Notices of the Royal Astronomical Society,474,3162,5,1,26,BL Lacertae objects: individual: 3C66A; galaxies: clusters: general; galaxies: distances and redshifts; Astrophysics - Astrophysics of Galaxies,10.1093/mnras/stx2561,arXiv:1710.04309,https://ui.adsabs.harvard.edu/abs/2018MNRAS.474.3162T
2018ApJ...855...19I,On the Vortex Waves in Nonadiabatic Flows,2018,3,The Astrophysical Journal,855,19,2,2,3,hydrodynamics; instabilities; waves,10.3847/1538-4357/aaaa22,,https://ui.adsabs.harvard.edu/abs/2018ApJ...855...19I
2018GReGr..50...45G,Exact relativistic models of conformastatic charged dust thick disks,2018,4,General Relativity and Gravitation,50,45,1,1,1,General relativity; Einstein-Maxwell equations; Thick disks; General Relativity and Quantum Cosmology,10.1007/s10714-018-2366-4,arXiv:1804.01419,https://ui.adsabs.harvard.edu/abs/2018GReGr..50...45G
2018JCAP...05..068G,Degeneracy in the spectrum and bispectrum among featured inflaton potentials,2018,5,Journal of Cosmology and Astroparticle Physics,2018,068,3,2,5,Astrophysics - Cosmology and Nongalactic Astrophysics,10.1088/1475-7516/2018/05/068,arXiv:1703.04621,https://ui.adsabs.harvard.edu/abs/2018JCAP...05..068G
2018JCAP...05..041S,Newton gauge cosmological perturbations for static spherically symmetric modifications of the de Sitter metric,2018,5,Journal of Cosmology and Astroparticle Physics,2018,041,2,2,7,General Relativity and Quantum Cosmology; Astrophysics - Cosmology and Nongalactic Astrophysics,10.1088/1475-7516/2018/05/041,arXiv:1611.09223,https://ui.adsabs.harvard.edu/abs/2018JCAP...05..041S
2018MNRAS.477.1970Z,Towards a theoretical determination of the geographical probability distribution of meteoroid impacts on Earth,2018,6,Monthly Notices of the Royal Astronomical Society,477,1970,2,2,7,methods: numerical; meteorites; meteors; meteoroids; Astrophysics - Earth and Planetary Astrophysics,10.1093/mnras/sty702,arXiv:1801.05720,https://ui.adsabs.harvard.edu/abs/2018MNRAS.477.1970Z
2018GReGr..50...76N,General relativistic razor-thin disks with magnetically polarized matter,2018,6,General Relativity and Gravitation,50,76,3,3,2,Classical general relativity; Self-gravitating systems; Continuous media and classical fields in curved spacetime; General theory in fluid dynamics; General Relativity and Quantum Cosmology; Astrophysics - Astrophysics of Galaxies,10.1007/s10714-018-2395-z,arXiv:1806.02280,https://ui.adsabs.harvard.edu/abs/2018GReGr..50...76N
2018AJ....155..236Z,A General Method for Assessing the Origin of Interstellar Small Bodies: The Case of 1I/2017 U1 (‘Oumuamua),2018,6,The Astronomical Journal,155,236,4,4,21,local interstellar matter; methods: numerical; minor planets; asteroids: individual: 1I&amp;2017 U1; Astrophysics - Earth and Planetary Astrophysics,10.3847/1538-3881/aabd7c,arXiv:1711.09397,https://ui.adsabs.harvard.edu/abs/2018AJ....155..236Z
2018MNRAS.477.5388Z,Orbit classification in an equal-mass non-spinning binary black hole pseudo-Newtonian system,2018,7,Monthly Notices of the Royal Astronomical Society,477,5388,3,2,10,black hole physics; chaos; methods: numerical; Astrophysics - Astrophysics of Galaxies,10.1093/mnras/sty946,arXiv:1808.00055,https://ui.adsabs.harvard.edu/abs/2018MNRAS.477.5388Z
2018GrCo...24..224B,The Dirac Equation in the Kerr-de Sitter Metric,2018,7,Gravitation and Cosmology,24,224,4,2,2,,10.1134/S0202289318030040,,https://ui.adsabs.harvard.edu/abs/2018GrCo...24..224B
2018ApJ...861..115P,Numerical General Relativistic MHD with Magnetically Polarized Matter,2018,7,The Astrophysical Journal,861,115,3,3,7,magnetohydrodynamics: MHD; methods: numerical; relativity; Astrophysics - High Energy Astrophysical Phenomena; General Relativity and Quantum Cosmology,10.3847/1538-4357/aac6d0,arXiv:1806.02266,https://ui.adsabs.harvard.edu/abs/2018ApJ...861..115P
2018MNRAS.478.5533F,We are not the 99 percent: quantifying asphericity in the distribution of Local Group satellites,2018,8,Monthly Notices of the Royal Astronomical Society,478,5533,2,2,16,dark matter; Local Group; methods: numerical; Astrophysics - Astrophysics of Galaxies,10.1093/mnras/sty1349,arXiv:1805.03188,https://ui.adsabs.harvard.edu/abs/2018MNRAS.478.5533F
2018MNRAS.478.2505I,Radiative transfer modelling of W33A MM1: 3D structure and dynamics of a complex massive star-forming region,2018,8,Monthly Notices of the Royal Astronomical Society,478,2505,8,1,46,radiative transfer; stars: formation; stars: massive; stars: protostars; Astrophysics - Astrophysics of Galaxies; Astrophysics - Solar and Stellar Astrophysics,10.1093/mnras/sty1096,arXiv:1804.09204,https://ui.adsabs.harvard.edu/abs/2018MNRAS.478.2505I
2018JCAP...08..043C,Semiclassical self consistent treatment of the emergence of seeds of cosmic structure. The second order construction,2018,8,Journal of Cosmology and Astroparticle Physics,2018,043,3,1,13,General Relativity and Quantum Cosmology,10.1088/1475-7516/2018/08/043,arXiv:1802.02238,https://ui.adsabs.harvard.edu/abs/2018JCAP...08..043C
2018FrASS...5...24F,Women in Science: An Overview of the Challenges Towards Gender Equality in Colombia and How to Move Forward,2018,8,Frontiers in Astronomy and Space Sciences,5,24,2,1,4,Colombia; Gender Equality; Women; Science; Career,10.3389/fspas.2018.00024,,https://ui.adsabs.harvard.edu/abs/2018FrASS...5...24F
2018OAst...27..183C,Planetary Magnetic Fields and Habitability in Super Earths,2018,9,Open Astronomy,27,183,1,1,3,Planets and satellites:magnetic fields; physical evolution; terrestrial planets. Planet-star interactions.Methods: numerical,10.1515/astro-2018-0026,,https://ui.adsabs.harvard.edu/abs/2018OAst...27..183C
2018MNRAS.481..324W,Galaxy Cluster Mass Reconstruction Project - IV. Understanding the effects of imperfect membership on cluster mass estimation,2018,11,Monthly Notices of the Royal Astronomical Society,481,324,20,1,36,methods: numerical; methods: statistical; galaxies: clusters: general; galaxies: haloes; galaxies: kinematics and dynamics; cosmology: observations; Astrophysics - Cosmology and Nongalactic Astrophysics,10.1093/mnras/sty2257,arXiv:1806.03199,https://ui.adsabs.harvard.edu/abs/2018MNRAS.481..324W
2018GReGr..50..146O,Are there any models with homogeneous energy density?,2018,11,General Relativity and Gravitation,50,146,4,2,3,Relativistic fluids; Spherical and non-spherical sources; Interior solutions; General Relativity and Quantum Cosmology,10.1007/s10714-018-2467-0,arXiv:1810.03059,https://ui.adsabs.harvard.edu/abs/2018GReGr..50..146O
2018ApJ...868...55M,The Large-scale Structure of the Halo of the Andromeda Galaxy. II. Hierarchical Structure in the Pan-Andromeda Archaeological Survey,2018,11,The Astrophysical Journal,868,55,32,1,177,catalogs; galaxies: general; galaxies: structure; Local Group; Astrophysics - Astrophysics of Galaxies,10.3847/1538-4357/aae8e7,arXiv:1810.08234,https://ui.adsabs.harvard.edu/abs/2018ApJ...868...55M
2018ApJ...868...39G,On the Effects of Self-obscuration in the (Sub)Millimeter Spectral Indices and the Appearance of Protostellar Disks,2018,11,The Astrophysical Journal,868,39,8,1,49,protoplanetary disks; stars: formation; stars: protostars; Astrophysics - Astrophysics of Galaxies; Astrophysics - Earth and Planetary Astrophysics; Astrophysics - Solar and Stellar Astrophysics,10.3847/1538-4357/aae779,arXiv:1810.00904,https://ui.adsabs.harvard.edu/abs/2018ApJ...868...39G
2018ApJ...868....4A,Large-scale Cosmic-Ray Anisotropies above 4 EeV Measured by the Pierre Auger Observatory,2018,11,The Astrophysical Journal,868,4,200,1,111,astroparticle physics; cosmic rays; Astrophysics - High Energy Astrophysical Phenomena,10.3847/1538-4357/aae689,arXiv:1808.03579,https://ui.adsabs.harvard.edu/abs/2018ApJ...868....4A
2018A&A...619A..57P,Analytic solution of a magnetized tori with magnetic polarization around Kerr black holes,2018,11,Astronomy and Astrophysics,619,A57,3,3,10,accretion; accretion disks; magnetohydrodynamics (MHD); black hole physics; Astrophysics - High Energy Astrophysical Phenomena; General Relativity and Quantum Cosmology,10.1051/0004-6361/201833736,arXiv:1808.07400,https://ui.adsabs.harvard.edu/abs/2018A&A...619A..57P
2018MNRAS.481.4940C,The CGM and IGM at z ∼ 5: metal budget and physical connection,2018,12,Monthly Notices of the Royal Astronomical Society,481,4940,8,0,36,quasars: absorption lines; quasars: general; galaxies: statistics; Astrophysics - Astrophysics of Galaxies,10.1093/mnras/sty2576,arXiv:1809.05813,https://ui.adsabs.harvard.edu/abs/2018MNRAS.481.4940C
2018MNRAS.481.2338B,Unbiased clustering estimates with the DESI fibre assignment,2018,12,Monthly Notices of the Royal Astronomical Society,481,2338,9,1,45,large-scale structure of Universe; methods: statistical; Astrophysics - Cosmology and Nongalactic Astrophysics,10.1093/mnras/sty2377,arXiv:1805.00951,https://ui.adsabs.harvard.edu/abs/2018MNRAS.481.2338B
2018CeMDA.130...82G,Stability and bifurcations of even periodic orbits in the Sitnikov problem,2018,12,Celestial Mechanics and Dynamical Astronomy,130,82,4,3,4,Periodic orbits; Sitnikov problem; Numerical continuation; 70F15; 34B15; 37G15; 37N05,10.1007/s10569-018-9875-z,,https://ui.adsabs.harvard.edu/abs/2018CeMDA.130...82G
2018APh...103..115G,The speed of gravitational waves and power-law solutions in a scalar-tensor model,2018,12,Astroparticle Physics,103,115,2,2,7,General Relativity and Quantum Cosmology,10.1016/j.astropartphys.2018.08.001,arXiv:1802.03781,https://ui.adsabs.harvard.edu/abs/2018APh...103..115G
2018APh...103...67A,About the influence of the density profile on neutron star cooling by neutrino emission,2018,12,Astroparticle Physics,103,67,2,1,6,Neutron star; Equation of state; Density profile; Neutrino cooling,10.1016/j.astropartphys.2018.07.007,,https://ui.adsabs.harvard.edu/abs/2018APh...103...67A
2019PhDT.......184S,"Adventures in Pandora's land. Evolution, behavior and detection of moons and rings around close-in exoplanets",2019,1,Ph.D. Thesis,,,1,1,0,,,,https://ui.adsabs.harvard.edu/abs/2019PhDT.......184S
2019JATIS...5a9001A,Software architecture of the high-level control of FRIDA,2019,1,"Journal of Astronomical Telescopes, Instruments, and Systems",5,019001,5,1,1,,10.1117/1.JATIS.5.1.019001,,https://ui.adsabs.harvard.edu/abs/2019JATIS...5a9001A
2019ApJ...871...79C,"Dynamics of Thick, Open Spirals in PERLAS Potentials",2019,1,The Astrophysical Journal,871,79,5,1,5,chaos; galaxies: kinematics and dynamics; galaxies: structure; Astrophysics - Astrophysics of Galaxies,10.3847/1538-4357/aaf6a6,arXiv:1812.04068,https://ui.adsabs.harvard.edu/abs/2019ApJ...871...79C
2019MNRAS.482.5379G,The radius inflation problem in short-period low-mass binaries: a large sample analysis,2019,2,Monthly Notices of the Royal Astronomical Society,482,5379,4,2,14,techniques: photometric; binaries: eclipsing; stars: late-type; Astrophysics - Solar and Stellar Astrophysics,10.1093/mnras/sty3006,arXiv:1811.01986,https://ui.adsabs.harvard.edu/abs/2019MNRAS.482.5379G
2019MNRAS.482.4553R,Lyman α photons through rotating outflows,2019,2,Monthly Notices of the Royal Astronomical Society,482,4553,2,2,10,line: profiles; radiative transfer; methods: numerical; galaxies: ISM; Astrophysics - Astrophysics of Galaxies,10.1093/mnras/sty3009,arXiv:1811.01266,https://ui.adsabs.harvard.edu/abs/2019MNRAS.482.4553R
2019IJAsB..18...33E,Breakthrough Listen follow-up of the reported transient signal observed at the Arecibo Telescope in the direction of Ross 128,2019,2,International Journal of Astrobiology,18,33,15,1,6,,10.1017/S1473550417000465,,https://ui.adsabs.harvard.edu/abs/2019IJAsB..18...33E
2019A&A...622A.168C,Photospheric plasma and magnetic field dynamics during the formation of solar AR 11190,2019,2,Astronomy and Astrophysics,622,A168,5,2,6,Sun: photosphere; Sun: granulation; Sun: evolution; Sun: magnetic fields; sunspots; Astrophysics - Solar and Stellar Astrophysics,10.1051/0004-6361/201832760,arXiv:1901.02437,https://ui.adsabs.harvard.edu/abs/2019A&A...622A.168C
2019MNRAS.484.1285S,Correcting for fibre assignment incompleteness in the DESI Bright Galaxy Survey,2019,3,Monthly Notices of the Royal Astronomical Society,484,1285,14,1,40,galaxies: statistics; cosmology: observations; (cosmology:) large-scale structure of Universe; Astrophysics - Cosmology and Nongalactic Astrophysics; Astrophysics - Astrophysics of Galaxies,10.1093/mnras/stz059,arXiv:1809.07355,https://ui.adsabs.harvard.edu/abs/2019MNRAS.484.1285S
2019JCAP...03..018A,Measurement of the average shape of longitudinal profiles of cosmic-ray air showers at the Pierre Auger Observatory,2019,3,Journal of Cosmology and Astroparticle Physics,2019,018,200,1,23,Astrophysics - High Energy Astrophysical Phenomena,10.1088/1475-7516/2019/03/018,arXiv:1811.04660,https://ui.adsabs.harvard.edu/abs/2019JCAP...03..018A
2019CAPJ...25...28C,The Educational and Influential Power of the Sun,2019,3,Communicating Astronomy with the Public Journal,25,28,4,2,0,,,,https://ui.adsabs.harvard.edu/abs/2019CAPJ...25...28C
2019ApJ...874...39W,Two Predictions of Supernova: GRB 130427A/SN 2013cq and GRB 180728A/SN 2018fip,2019,3,The Astrophysical Journal,874,39,8,2,42,binaries: general; black hole physics; gamma-ray burst: general; hydrodynamics; stars: neutron; supernovae: general; Astrophysics - High Energy Astrophysical Phenomena,10.3847/1538-4357/ab04f8,arXiv:1811.05433,https://ui.adsabs.harvard.edu/abs/2019ApJ...874...39W
2019Ap.....62...57C,Relationship Between the Ionization Energy and the Radial Velocity of the Ionized Gas in Gaseous Nebulae,2019,3,Astrophysics,62,57,2,1,1,ionization potential; radial velocity; HII region,10.1007/s10511-019-09564-9,,https://ui.adsabs.harvard.edu/abs/2019Ap.....62...57C
2019Ap&SS.364...61G,Finite scale factor and future singularities,2019,4,Astrophysics and Space Science,364,61,1,1,1,Dark energy; Singularities; General Relativity and Quantum Cosmology; Astrophysics - Cosmology and Nongalactic Astrophysics,10.1007/s10509-019-3549-5,arXiv:1907.06880,https://ui.adsabs.harvard.edu/abs/2019Ap&SS.364...61G
2019MNRAS.485.4343C,Predicting extragalactic distance errors using Bayesian inference in multimeasurement catalogues,2019,5,Monthly Notices of the Royal Astronomical Society,485,4343,4,4,3,methods: data analysis; methods: statistical; astronomical data bases: miscellaneous; catalogues; galaxies: distances and redshifts; galaxies: statistics; Astrophysics - Instrumentation and Methods for Astrophysics; Astrophysics - Astrophysics of Galaxies,10.1093/mnras/stz615,arXiv:1805.02578,https://ui.adsabs.harvard.edu/abs/2019MNRAS.485.4343C
2019MNRAS.485..522P,Revisiting the dynamics of planets in binaries: evolutionary time-scales and the effect of early stellar evolution,2019,5,Monthly Notices of the Royal Astronomical Society,485,522,2,2,1,methods: analytical; methods: numerical; celestial mechanics; planet-star interactions; binaries: close; stars: evolution; Astrophysics - Earth and Planetary Astrophysics,10.1093/mnras/stz370,arXiv:1901.04582,https://ui.adsabs.harvard.edu/abs/2019MNRAS.485..522P
2019AJ....157..175V,Assessing Disk Galaxy Stability through Time,2019,5,The Astronomical Journal,157,175,3,1,5,galaxies: evolution; galaxies: kinematics and dynamics; galaxies: structure; methods: numerical; Astrophysics - Astrophysics of Galaxies,10.3847/1538-3881/ab100f,arXiv:1903.07728,https://ui.adsabs.harvard.edu/abs/2019AJ....157..175V
2019MNRAS.486L..69Z,Can we predict the impact conditions of metre-sized meteoroids?,2019,6,Monthly Notices of the Royal Astronomical Society,486,L69,4,4,9,methods: numerical; meteorites; meteors; meteoroids; Astrophysics - Earth and Planetary Astrophysics,10.1093/mnrasl/slz060,arXiv:1902.03980,https://ui.adsabs.harvard.edu/abs/2019MNRAS.486L..69Z
2019MNRAS.485.5276F,β-Skeleton analysis of the cosmic web,2019,6,Monthly Notices of the Royal Astronomical Society,485,5276,5,1,21,methods: statistical; cosmological parameters; cosmology: observations; large-scale structure of Universe; Astrophysics - Cosmology and Nongalactic Astrophysics; Astrophysics - Astrophysics of Galaxies,10.1093/mnras/stz773,arXiv:1809.00438,https://ui.adsabs.harvard.edu/abs/2019MNRAS.485.5276F
2019A&A...626A..10G,Solving the distance discrepancy for the open cluster NGC 2453. The planetary nebula NGC 2452 is not a cluster member,2019,6,Astronomy and Astrophysics,626,A10,9,2,9,open clusters and associations: general; planetary nebulae: general; catalogs; Astrophysics - Astrophysics of Galaxies; Astrophysics - Solar and Stellar Astrophysics,10.1051/0004-6361/201935243,arXiv:1906.09500,https://ui.adsabs.harvard.edu/abs/2019A&A...626A..10G
2019MNRAS.486.3963A,Orbital decay of short-period gas giants under evolving tides,2019,7,Monthly Notices of the Royal Astronomical Society,486,3963,2,2,13,planets and satellites: dynamical evolution and stability; planets and satellites: gaseous planets; planets and satellites: physical evolution; Astrophysics - Earth and Planetary Astrophysics,10.1093/mnras/stz1081,arXiv:1904.07596,https://ui.adsabs.harvard.edu/abs/2019MNRAS.486.3963A
2019ApJS..243....1P,State Resolved Data for Quadrupole Radiative Association of H+H and Dissociation of H<SUB>2</SUB> through Orbiting Resonances,2019,7,The Astrophysical Journal Supplement Series,243,1,3,3,6,early universe; ISM: molecules; line: formation; line: identification; molecular data; molecular processes,10.3847/1538-4365/ab24e0,,https://ui.adsabs.harvard.edu/abs/2019ApJS..243....1P
2019MNRAS.487.3162C,Emerging trends in metallicity and lithium properties of debris disc stars,2019,8,Monthly Notices of the Royal Astronomical Society,487,3162,7,1,17,planets and satellites: formation; stars: abundances; circumstellar matter; planetary systems; stars: solar-type; Astrophysics - Solar and Stellar Astrophysics; Astrophysics - Earth and Planetary Astrophysics,10.1093/mnras/stz1496,arXiv:1905.12066,https://ui.adsabs.harvard.edu/abs/2019MNRAS.487.3162C
2019MNRAS.487.2340Z,Orbit classification in a pseudo-Newtonian Copenhagen problem with Schwarzschild-like primaries,2019,8,Monthly Notices of the Royal Astronomical Society,487,2340,4,1,4,black hole physics; chaos; methods: numerical; General Relativity and Quantum Cosmology,10.1093/mnras/stz1432,arXiv:1907.09201,https://ui.adsabs.harvard.edu/abs/2019MNRAS.487.2340Z
2019AN....340..674F,RISEPix—A Timepix−based radiation monitor telescope onboard the RISESAT satellite,2019,8,Astronomische Nachrichten,340,674,10,1,11,,10.1002/asna.201913674,,https://ui.adsabs.harvard.edu/abs/2019AN....340..674F
2019MNRAS.488.1987G,Clustering and redshift-space distortions in modified gravity models with massive neutrinos,2019,9,Monthly Notices of the Royal Astronomical Society,488,1987,7,2,20,methods: numerical; methods: statistical; galaxies: haloes; cosmological parameters; large-scale structure of Universe; cosmology: theory; Astrophysics - Cosmology and Nongalactic Astrophysics,10.1093/mnras/stz1850,arXiv:1903.00154,https://ui.adsabs.harvard.edu/abs/2019MNRAS.488.1987G
2019RMxAA..55..273N,Substructure Formation in Tidal Streams of Galactic Minor Mergers,2019,10,Revista Mexicana de Astronomia y Astrofisica,55,273,4,1,3,galaxies: evolution; galaxies: interactions; galaxies: star clusters: general; globular clusters: general; methods: numerical; open clusters and associations: general; Astrophysics - Astrophysics of Galaxies,10.22201/ia.01851101p.2019.55.02.14,arXiv:1908.07114,https://ui.adsabs.harvard.edu/abs/2019RMxAA..55..273N
2019RMxAA..55..177E,Minimizing Fuel consumption in Orbit Transfers Using Universal Variable and Particle Swarm Optimization,2019,10,Revista Mexicana de Astronomia y Astrofisica,55,177,2,2,0,celestial mechanics; methods: numerical; planets and satellites: fundamental parameters; space vehicles,10.22201/ia.01851101p.2019.55.02.05,,https://ui.adsabs.harvard.edu/abs/2019RMxAA..55..177E
2019MNRAS.489.2769N,Numerical simulations of the emerging plasma blob into a solar coronal hole,2019,10,Monthly Notices of the Royal Astronomical Society,489,2769,4,2,4,MHD; waves; Sun: atmosphere; Astrophysics - Solar and Stellar Astrophysics,10.1093/mnras/stz2313,arXiv:1910.11814,https://ui.adsabs.harvard.edu/abs/2019MNRAS.489.2769N
2019MNRAS.489.2313S,"Ploonets: formation, evolution, and detectability of tidally detached exomoons",2019,10,Monthly Notices of the Royal Astronomical Society,489,2313,5,3,29,Techniques: photometric; Planets and satellites: atmospheres; Planets and satellites: dynamical evolution and stability; Astrophysics - Earth and Planetary Astrophysics,10.1093/mnras/stz2110,arXiv:1906.11400,https://ui.adsabs.harvard.edu/abs/2019MNRAS.489.2313S
2019JCAP...10..022A,Probing the origin of ultra-high-energy cosmic rays with neutrinos in the EeV energy range using the Pierre Auger Observatory,2019,10,Journal of Cosmology and Astroparticle Physics,2019,022,200,1,149,Astrophysics - High Energy Astrophysical Phenomena,10.1088/1475-7516/2019/10/022,arXiv:1906.07422,https://ui.adsabs.harvard.edu/abs/2019JCAP...10..022A
2019MNRAS.490..219F,Secular and rotational light curves of 6478 Gault,2019,11,Monthly Notices of the Royal Astronomical Society,490,219,3,1,8,comets; minor planets; 6478 Gault; Astrophysics - Earth and Planetary Astrophysics,10.1093/mnras/stz2418,arXiv:1906.10195,https://ui.adsabs.harvard.edu/abs/2019MNRAS.490..219F
2019JCAP...11..016C,Probing homogeneity with standard candles,2019,11,Journal of Cosmology and Astroparticle Physics,2019,016,4,1,13,Astrophysics - Cosmology and Nongalactic Astrophysics,10.1088/1475-7516/2019/11/016,arXiv:1706.09734,https://ui.adsabs.harvard.edu/abs/2019JCAP...11..016C
2019JCAP...11..004A,Limits on point-like sources of ultra-high-energy neutrinos with the Pierre Auger Observatory,2019,11,Journal of Cosmology and Astroparticle Physics,2019,004,200,1,41,Astrophysics - High Energy Astrophysical Phenomena,10.1088/1475-7516/2019/11/004,arXiv:1906.07419,https://ui.adsabs.harvard.edu/abs/2019JCAP...11..004A
2019GReGr..51..153B,Scattering of uncharged particles in the field of two extremely charged black holes,2019,11,General Relativity and Gravitation,51,153,5,1,5,Particle scattering; Majumdar-Papapetrou spacetime; Gyroscope precession; General Relativity and Quantum Cosmology,10.1007/s10714-019-2642-y,arXiv:1906.01991,https://ui.adsabs.harvard.edu/abs/2019GReGr..51..153B
2019PDU....2600343G,Constraining light fermionic dark matter with binary pulsars,2019,12,Physics of the Dark Universe,26,100343,1,1,3,Dark matter; Degenerate gas of free fermions; Binary pulsars; Orbital period decay; Astrophysics - Astrophysics of Galaxies; Astrophysics - Cosmology and Nongalactic Astrophysics,10.1016/j.dark.2019.100343,arXiv:1906.10316,https://ui.adsabs.harvard.edu/abs/2019PDU....2600343G
2019MNRAS.490.4877P,Dark matter halo shapes in the Auriga simulations,2019,12,Monthly Notices of the Royal Astronomical Society,490,4877,5,2,59,galaxies: evolution; galaxies: formation; galaxies: haloes; dark matter; Astrophysics - Astrophysics of Galaxies,10.1093/mnras/stz2873,arXiv:1910.04045,https://ui.adsabs.harvard.edu/abs/2019MNRAS.490.4877P
2019MNRAS.490.4183P,On the linear and non-linear evolution of the relativistic MHD Kelvin-Helmholtz instability in a magnetically polarized fluid,2019,12,Monthly Notices of the Royal Astronomical Society,490,4183,2,2,5,instabilities; (magnetohydrodynamics) MHD; relativistic processes; Astrophysics - High Energy Astrophysical Phenomena; General Relativity and Quantum Cosmology,10.1093/mnras/stz2750,arXiv:1910.11838,https://ui.adsabs.harvard.edu/abs/2019MNRAS.490.4183P
2019ApJ...886...82R,On the GeV Emission of the Type I BdHN GRB 130427A,2019,12,The Astrophysical Journal,886,82,12,1,56,black hole physics; binaries: general; gamma-ray burst: general; stars: neutron; supernovae: general; Astrophysics - High Energy Astrophysical Phenomena,10.3847/1538-4357/ab4ce6,arXiv:1812.00354,https://ui.adsabs.harvard.edu/abs/2019ApJ...886...82R
2020PDU....2700430A,Connecting particle physics and cosmology: Measuring the dark matter relic density in compressed supersymmetry models at the LHC,2020,1,Physics of the Dark Universe,27,100430,5,2,5,,10.1016/j.dark.2019.100430,,https://ui.adsabs.harvard.edu/abs/2020PDU....2700430A
2020MNRAS.491.1887Q,Simulating the galactic system in interaction AM 2229-735 and the formation of its polar structure,2020,1,Monthly Notices of the Royal Astronomical Society,491,1887,4,2,3,galaxies: evolution; galaxies: formation; galaxies: interactions; galaxies: structure; Astrophysics - Astrophysics of Galaxies,10.1093/mnras/stz2943,arXiv:1911.03595,https://ui.adsabs.harvard.edu/abs/2020MNRAS.491.1887Q
2020SCPMA..6321062L,Search for the doubly charmed baryon Ξcc+,2020,2,"Science China Physics, Mechanics, and Astronomy",63,221062,200,0,44,charmed baryons; limits on production of particles; charmed quarks; experimental tests; High Energy Physics - Experiment,10.1007/s11433-019-1471-8,arXiv:1909.12273,https://ui.adsabs.harvard.edu/abs/2020SCPMA..6321062L
2020MNRAS.492.1432Z,"Location, orbit, and energy of a meteoroid impacting the Moon during the lunar eclipse of 2019 January 21",2020,2,Monthly Notices of the Royal Astronomical Society,492,1432,8,4,5,celestial mechanics; meteorites; meteors; meteoroids; Moon; Astrophysics - Earth and Planetary Astrophysics,10.1093/mnras/stz3531,arXiv:1901.09573,https://ui.adsabs.harvard.edu/abs/2020MNRAS.492.1432Z
2020Ap&SS.365...43A,Neutron and quark stars: constraining the parameters for simple EoS using the GW170817,2020,2,Astrophysics and Space Science,365,43,5,1,6,Neutron and quark stars; Relativistic atrophysics; Equation of state; General Relativity and Quantum Cosmology; Astrophysics - High Energy Astrophysical Phenomena,10.1007/s10509-020-03756-y,arXiv:2002.08879,https://ui.adsabs.harvard.edu/abs/2020Ap&SS.365...43A
2020MNRAS.492.3499S,Can close-in giant exoplanets preserve detectable moons?,2020,3,Monthly Notices of the Royal Astronomical Society,492,3499,4,3,21,techniques: photometric; planets and satellites: detection; planets and satellites: dynamical evolution and stability; Astrophysics - Earth and Planetary Astrophysics,10.1093/mnras/stz3548,arXiv:1912.08049,https://ui.adsabs.harvard.edu/abs/2020MNRAS.492.3499S
2020ApJ...891..142A,Cosmic-Ray Anisotropies in Right Ascension Measured by the Pierre Auger Observatory,2020,3,The Astrophysical Journal,891,142,200,0,60,Cosmic rays; Cosmic ray sources; Cosmic ray astronomy; 329; 328; 324; Astrophysics - High Energy Astrophysical Phenomena,10.3847/1538-4357/ab7236,arXiv:2002.06172,https://ui.adsabs.harvard.edu/abs/2020ApJ...891..142A
2020RMxAA..56...97G,Can UVB Variations Reconcile Simulated Quasar Absorption Lines at High Redshift?,2020,4,Revista Mexicana de Astronomia y Astrofisica,56,97,2,0,1,cosmology: theory; dark ages; reionization; first stars; intergalactic medium; methods: numerical; quasars: absorption lines; Astrophysics - Astrophysics of Galaxies; Astrophysics - Cosmology and Nongalactic Astrophysics,10.22201/ia.01851101p.2020.56.01.11,arXiv:1912.10151,https://ui.adsabs.harvard.edu/abs/2020RMxAA..56...97G
2020MNRAS.493.2410W,Candidate LBV stars in galaxy NGC 7793 found via HST photometry + MUSE spectroscopy,2020,4,Monthly Notices of the Royal Astronomical Society,493,2410,24,1,14,catalogues; stars: massive; stars: variables: S Doradus; galaxies: individual: NGC 7793; Astrophysics - Solar and Stellar Astrophysics; Astrophysics - Astrophysics of Galaxies,10.1093/mnras/staa290,arXiv:2001.10113,https://ui.adsabs.harvard.edu/abs/2020MNRAS.493.2410W
2020AJ....159..130B,Size and Shape Constraints of (486958) Arrokoth from Stellar Occultations,2020,4,The Astronomical Journal,159,130,133,15,59,Kuiper belt; Astrometry; Classical Kuiper belt objects; Stellar occultation; 893; 80; 250; 2135; Astrophysics - Earth and Planetary Astrophysics; Astrophysics - Instrumentation and Methods for Astrophysics,10.3847/1538-3881/ab6ced,arXiv:2001.00125,https://ui.adsabs.harvard.edu/abs/2020AJ....159..130B
2020MNRAS.494.1658G,Validating the methodology for constraining the linear growth rate from clustering anisotropies,2020,5,Monthly Notices of the Royal Astronomical Society,494,1658,5,2,11,methods: numerical; galaxies: haloes; cosmological parameters; large-scale structure of Universe; cosmology: theory; statistical; Astrophysics - Cosmology and Nongalactic Astrophysics; Astrophysics - Instrumentation and Methods for Astrophysics,10.1093/mnras/staa791,arXiv:1909.08016,https://ui.adsabs.harvard.edu/abs/2020MNRAS.494.1658G
2020ApJ...895L..19M,Ultra-impulsive Solar Flare Seismology,2020,5,The Astrophysical Journal Letters,895,L19,6,3,5,Solar flares; Helioseismology; Solar interior; 1496; 709; 1500,10.3847/2041-8213/ab9173,,https://ui.adsabs.harvard.edu/abs/2020ApJ...895L..19M
2020AdSpR..65.2216S,Simulation of 500 MeV neutrons by using NaCl doped Water Cherenkov detector,2020,5,Advances in Space Research,65,2216,7,1,5,Neutron detection; Water Cherenkov detector; Cherenkov effect; Space weather,10.1016/j.asr.2020.02.024,,https://ui.adsabs.harvard.edu/abs/2020AdSpR..65.2216S
2020JCAP...06..022S,Constraining gravity theories with the gravitational stability mass,2020,6,Journal of Cosmology and Astroparticle Physics,2020,022,2,2,4,General Relativity and Quantum Cosmology,10.1088/1475-7516/2020/06/022,arXiv:1905.07620,https://ui.adsabs.harvard.edu/abs/2020JCAP...06..022S
2020JCAP...06..017A,Search for magnetically-induced signatures in the arrival directions of ultra-high-energy cosmic rays measured at the Pierre Auger Observatory,2020,6,Journal of Cosmology and Astroparticle Physics,2020,017,200,0,14,Astrophysics - High Energy Astrophysical Phenomena,10.1088/1475-7516/2020/06/017,arXiv:2004.10591,https://ui.adsabs.harvard.edu/abs/2020JCAP...06..017A
2020MNRAS.496L..85S,Scattered light may reveal the existence of ringed exoplanets,2020,7,Monthly Notices of the Royal Astronomical Society,496,L85,5,1,10,methods: analytical; techniques: photometric; planets and satellites: rings; Astrophysics - Earth and Planetary Astrophysics; Astrophysics - Instrumentation and Methods for Astrophysics,10.1093/mnrasl/slaa080,arXiv:2004.14121,https://ui.adsabs.harvard.edu/abs/2020MNRAS.496L..85S
2020MNRAS.495.4113F,Dynamical orbital classification of selected N-rich stars with Gaia Data Release 2 astrometry,2020,7,Monthly Notices of the Royal Astronomical Society,495,4113,7,1,38,stars: chemically peculiar; Galaxy: bulge; Galaxy: halo; Galaxy: kinematics and dynamics; Galaxy: stellar content; Astrophysics - Astrophysics of Galaxies,10.1093/mnras/staa1386,arXiv:1904.05370,https://ui.adsabs.harvard.edu/abs/2020MNRAS.495.4113F
2020AN....341..628Q,The massive binary system 9 Sgr revisited: New insights into disentangling methods,2020,7,Astronomische Nachrichten,341,628,3,1,12,Astrophysics - Solar and Stellar Astrophysics,10.1002/asna.202013696,arXiv:2010.01181,https://ui.adsabs.harvard.edu/abs/2020AN....341..628Q
2020GReGr..52...87V,The Kerr-Newman black hole as a rotating Van der Waals gas,2020,9,General Relativity and Gravitation,52,87,4,1,4,Kerr black hole; Equation of state; Horizon thermodynamics,10.1007/s10714-020-02739-2,,https://ui.adsabs.harvard.edu/abs/2020GReGr..52...87V
2020ApJ...901L...9L,Submerged Sources of Transient Acoustic Emission from Solar Flares,2020,9,The Astrophysical Journal Letters,901,L9,8,3,10,Solar physics; Helioseismology; Solar flares; 1476; 709; 1496,10.3847/2041-8213/abad2a,,https://ui.adsabs.harvard.edu/abs/2020ApJ...901L...9L
2020ApJ...900....6Y,Using the Mark Weighted Correlation Functions to Improve the Constraints on Cosmological Parameters,2020,9,The Astrophysical Journal,900,6,11,1,13,Large-scale structure of the universe; Cosmological parameters from large-scale structure; 902; 340; Astrophysics - Cosmology and Nongalactic Astrophysics,10.3847/1538-4357/aba35b,arXiv:2007.03150,https://ui.adsabs.harvard.edu/abs/2020ApJ...900....6Y
2020A&A...641A..34B,Geodesic motion of S2 and G2 as a test of the fermionic dark matter nature of our Galactic core,2020,9,Astronomy and Astrophysics,641,A34,5,1,60,Galaxy: center; Galaxy: kinematics and dynamics; Galaxy: structure; dark matter; elementary particles; Astrophysics - Astrophysics of Galaxies; General Relativity and Quantum Cosmology,10.1051/0004-6361/201935990,arXiv:2007.11478,https://ui.adsabs.harvard.edu/abs/2020A&A...641A..34B
2020RMxAA..56..217L,Infrared Transitions of Diatomic Molecules and the Telluric Lines,2020,10,Revista Mexicana de Astronomia y Astrofisica,56,217,3,1,0,line: identification; methods: analytical; molecular data,10.22201/ia.01851101p.2020.56.02.04,,https://ui.adsabs.harvard.edu/abs/2020RMxAA..56..217L
2020JCAP...10..019B,Anisotropic Einstein Yang-Mills Higgs dark energy,2020,10,Journal of Cosmology and Astroparticle Physics,2020,019,4,4,22,General Relativity and Quantum Cosmology; Astrophysics - Cosmology and Nongalactic Astrophysics,10.1088/1475-7516/2020/10/019,arXiv:2006.14016,https://ui.adsabs.harvard.edu/abs/2020JCAP...10..019B
2020ApJ...902..105A,A Search for Ultra-high-energy Neutrinos from TXS 0506+056 Using the Pierre Auger Observatory,2020,10,The Astrophysical Journal,902,105,200,0,16,High energy astrophysics; Neutrino astronomy; Blazars; Transient sources; Active galaxies; 739; 1100; 164; 1851; 17; Astrophysics - High Energy Astrophysical Phenomena,10.3847/1538-4357/abb476,arXiv:2010.10953,https://ui.adsabs.harvard.edu/abs/2020ApJ...902..105A
2020MNRAS.498L.145G,The cosmic web through the lens of graph entropy,2020,11,Monthly Notices of the Royal Astronomical Society,498,L145,3,2,7,methods: data analysis; cosmology: large-scale structure of Universe,10.1093/mnrasl/slaa145,,https://ui.adsabs.harvard.edu/abs/2020MNRAS.498L.145G
2020Univ....6..243P,An Improved Framework for Quantum Gravity,2020,12,Universe,6,243,2,1,3,teleparallel gravity; de Sitter special relativity; quantum gravity; General Relativity and Quantum Cosmology,10.3390/universe6120243,arXiv:2012.09075,https://ui.adsabs.harvard.edu/abs/2020Univ....6..243P
2020RACCE..44..984G,Analysis of magnetic polarities in active regions for the prediction of solar flares,2020,12,Rev. Acad. Colomb. Cienc. Ex. Fis. Nat,44,984,2,2,1,Solar acttivity; Solar active regions; Sunspots,10.18257/raccefyn.1196,,https://ui.adsabs.harvard.edu/abs/2020RACCE..44..984G
2020PDU....3000709M,Regular black holes with exotic topologies,2020,12,Physics of the Dark Universe,30,100709,3,1,6,,10.1016/j.dark.2020.100709,,https://ui.adsabs.harvard.edu/abs/2020PDU....3000709M
2020PDU....3000614V,Newman-Penrose scalars and black hole equations of state,2020,12,Physics of the Dark Universe,30,100614,4,1,5,General Relativity and Quantum Cosmology,10.1016/j.dark.2020.100614,arXiv:2004.02411,https://ui.adsabs.harvard.edu/abs/2020PDU....3000614V
2020MNRAS.499.4325R,The AGN contribution to the UV-FIR luminosities of interacting galaxies and its role in identifying the main sequence,2020,12,Monthly Notices of the Royal Astronomical Society,499,4325,8,1,19,techniques: photometric; techniques: spectroscopic; galaxies: active; galaxies: evolution; galaxies: interactions; galaxies: starburst; Astrophysics - Astrophysics of Galaxies,10.1093/mnras/staa2813,arXiv:2009.05614,https://ui.adsabs.harvard.edu/abs/2020MNRAS.499.4325R
2021Univ....7....7U,Neutrino Oscillations in Neutrino-Dominated Accretion Around Rotating Black Holes,2021,1,Universe,7,7,3,1,10,accretion disk; neutrino physics; gamma-ray bursts; black hole physics,10.3390/universe7010007,,https://ui.adsabs.harvard.edu/abs/2021Univ....7....7U
2021PDU....3100759G,Coupled multi-Proca vector dark energy,2021,1,Physics of the Dark Universe,31,100759,2,2,27,Dark energy; Multi-Proca; Coupled vector fields; General Relativity and Quantum Cosmology; Astrophysics - Cosmology and Nongalactic Astrophysics,10.1016/j.dark.2020.100759,arXiv:2004.06466,https://ui.adsabs.harvard.edu/abs/2021PDU....3100759G
2021NewA...8201456G,GalRotpy: a tool to parametrize the gravitational potential of disc-like galaxies,2021,1,New Astronomy,82,101456,5,4,1,,10.1016/j.newast.2020.101456,,https://ui.adsabs.harvard.edu/abs/2021NewA...8201456G
2021MNRAS.500L..32P,Superclusters from velocity divergence fields,2021,1,Monthly Notices of the Royal Astronomical Society,500,L32,4,4,5,large-scale structure of Universe; Astrophysics - Cosmology and Nongalactic Astrophysics,10.1093/mnrasl/slaa177,arXiv:2010.05160,https://ui.adsabs.harvard.edu/abs/2021MNRAS.500L..32P
2021MNRAS.500.3329N,Thermal conduction effects on formation of chromospheric solar tadpole-like jets,2021,1,Monthly Notices of the Royal Astronomical Society,500,3329,4,2,5,MHD; Sun: atmosphere; Astrophysics - Solar and Stellar Astrophysics,10.1093/mnras/staa3402,arXiv:2011.02006,https://ui.adsabs.harvard.edu/abs/2021MNRAS.500.3329N
2021AN....342..388B,A test of the fermionic dark matter nature of the supermassive compact object at the center of our galaxy,2021,1,Astronomische Nachrichten,342,388,3,1,2,dark matter; elementary particles; galaxy center; orbital parameters,10.1002/asna.202113939,,https://ui.adsabs.harvard.edu/abs/2021AN....342..388B
2021JCAP...02..033A,The MESS of the CMB,2021,2,Journal of Cosmology and Astroparticle Physics,2021,033,3,3,10,Astrophysics - Cosmology and Nongalactic Astrophysics,10.1088/1475-7516/2021/02/033,arXiv:2006.03395,https://ui.adsabs.harvard.edu/abs/2021JCAP...02..033A
2021Ap&SS.366...25M,How to distinguish an actual astrophysical magnetized black hole mimicker from a true (theoretical) black hole,2021,3,Astrophysics and Space Science,366,25,3,1,1,X-ray binaries; Active galactic nuclei; Magnetic field; Black hole mimickers; Relativistic astrophysics; General Relativity and Quantum Cosmology; Astrophysics - Cosmology and Nongalactic Astrophysics; Astrophysics - High Energy Astrophysical Phenomena,10.1007/s10509-020-03913-3,arXiv:1908.06815,https://ui.adsabs.harvard.edu/abs/2021Ap&SS.366...25M
2021A&A...647A.152A,The Tully-Fisher relation in dense groups at z ∼ 0.7 in the MAGIC survey,2021,3,Astronomy and Astrophysics,647,A152,14,1,21,galaxies: evolution; galaxies: kinematics and dynamics; galaxies: groups: general; galaxies: high-redshift; Astrophysics - Astrophysics of Galaxies,10.1051/0004-6361/202038818,arXiv:2101.08069,https://ui.adsabs.harvard.edu/abs/2021A&A...647A.152A
2021A&A...647A..64F,APOGEE discovery of a chemically atypical star disrupted from NGC 6723 and captured by the Milky Way bulge,2021,3,Astronomy and Astrophysics,647,A64,29,1,26,stars: abundances; stars: chemically peculiar; globular clusters: individual: NGC 6723; techniques: spectroscopic; Astrophysics - Astrophysics of Galaxies,10.1051/0004-6361/202040255,arXiv:2102.01706,https://ui.adsabs.harvard.edu/abs/2021A&A...647A..64F
2021RMxAA..57...57G,Comparative Analysis of Sky Quality and Meteorological Variables During the Total Lunar Eclipse on 14-15 April 2014 and their Effect on Qualitative Measurements of the Bortle Scale,2021,4,Revista Mexicana de Astronomia y Astrofisica,57,57,2,2,0,atmospheric effects; eclipses; methods: observational; site testing; Astrophysics - Instrumentation and Methods for Astrophysics,10.22201/ia.01851101p.2021.57.01.03,arXiv:2009.08225,https://ui.adsabs.harvard.edu/abs/2021RMxAA..57...57G
2021NewA...8401503G,A novel early dark energy model,2021,4,New Astronomy,84,101503,3,3,7,Cosmology; Dark Energy; Numerical methods; Astrophysics - Cosmology and Nongalactic Astrophysics; General Relativity and Quantum Cosmology,10.1016/j.newast.2020.101503,arXiv:2009.07357,https://ui.adsabs.harvard.edu/abs/2021NewA...8401503G
2021GrCo...27..136R,Relativistic Origin of the Cutoff Parameter in Exotic Compact Objects,2021,4,Gravitation and Cosmology,27,136,2,2,2,General Relativity and Quantum Cosmology,10.1134/S0202289321020122,arXiv:2012.08322,https://ui.adsabs.harvard.edu/abs/2021GrCo...27..136R
2021ApJ...911...91C,Assessing the Stellar Population and the Environment of an H II Region on the Far Side of the Galaxy,2021,4,The Astrophysical Journal,911,91,18,1,1,Star clusters; Open star clusters; Young massive clusters; Young stellar objects; 1567; 1160; 2049; 1834; Astrophysics - Astrophysics of Galaxies; Astrophysics - Solar and Stellar Astrophysics,10.3847/1538-4357/abec6f,arXiv:2103.05849,https://ui.adsabs.harvard.edu/abs/2021ApJ...911...91C
2021A&A...648A..18M,Infrared photometry and CaT spectroscopy of globular cluster M 28 (NGC 6626),2021,4,Astronomy and Astrophysics,648,A18,15,1,6,Galaxy: bulge; globular clusters: individual: M28; globular clusters: general; Astrophysics - Astrophysics of Galaxies; Astrophysics - Solar and Stellar Astrophysics,10.1051/0004-6361/202039192,arXiv:2103.14806,https://ui.adsabs.harvard.edu/abs/2021A&A...648A..18M
2021JCAP...05..064C,Cosmological constraints with the Effective Fluid approach for Modified Gravity,2021,5,Journal of Cosmology and Astroparticle Physics,2021,064,4,2,12,cosmological parameters from CMBR; modified gravity; neutrino masses from cosmology; Astrophysics - Cosmology and Nongalactic Astrophysics; General Relativity and Quantum Cosmology,10.1088/1475-7516/2021/05/064,arXiv:2012.05282,https://ui.adsabs.harvard.edu/abs/2021JCAP...05..064C
2021ApJ...913....2W,Cosmic Velocity Field Reconstruction Using AI,2021,5,The Astrophysical Journal,913,2,10,1,25,Large-scale structure of the universe; Cosmic web; Dark matter distribution; Cosmology; Astrostatistics; 902; 330; 356; 343; 1882; Astrophysics - Cosmology and Nongalactic Astrophysics; General Relativity and Quantum Cosmology,10.3847/1538-4357/abf3bb,arXiv:2105.09450,https://ui.adsabs.harvard.edu/abs/2021ApJ...913....2W
2021MNRAS.505L..64B,Hinting a dark matter nature of Sgr A* via the S-stars,2021,7,Monthly Notices of the Royal Astronomical Society,505,L64,5,1,69,Elementary particles; Dark matter; Astrophysics - Astrophysics of Galaxies; Astrophysics - High Energy Astrophysical Phenomena,10.1093/mnrasl/slab051,arXiv:2105.06301,https://ui.adsabs.harvard.edu/abs/2021MNRAS.505L..64B
2021MNRAS.505.1105E,A novel bivariate autoregressive model for predicting and forecasting irregularly observed time series,2021,7,Monthly Notices of the Royal Astronomical Society,505,1105,4,1,8,methods: data analysis; methods: statistical; stars: variables: general; galaxies: general; Astrophysics - Instrumentation and Methods for Astrophysics; Statistics - Methodology,10.1093/mnras/stab1216,arXiv:2104.12248,https://ui.adsabs.harvard.edu/abs/2021MNRAS.505.1105E
2021JCAP...07..032C,GW190521 formation scenarios via relativistic accretion,2021,7,Journal of Cosmology and Astroparticle Physics,2021,032,3,1,18,accretion; astrophysical black holes; hydrodynamical simulations; primordial black holes; Astrophysics - High Energy Astrophysical Phenomena; General Relativity and Quantum Cosmology,10.1088/1475-7516/2021/07/032,arXiv:2101.01705,https://ui.adsabs.harvard.edu/abs/2021JCAP...07..032C
2021MNRAS.505.5567V,Red Be stars in the Magellanic Clouds?,2021,8,Monthly Notices of the Royal Astronomical Society,505,5567,5,3,3,parallaxes; proper motion; stars: emission-line; Be; Magellanic Clouds; Astrophysics - Solar and Stellar Astrophysics; Astrophysics - Astrophysics of Galaxies,10.1093/mnras/stab1481,arXiv:2002.11606,https://ui.adsabs.harvard.edu/abs/2021MNRAS.505.5567V
2021MNRAS.505.4278P,Magneto-rotational instability in magnetically polarized discs,2021,8,Monthly Notices of the Royal Astronomical Society,505,4278,5,2,5,accretion; accretion discs; instabilities; magnetic fields; (magnetohydrodynamics) MHD; Astrophysics - High Energy Astrophysical Phenomena; General Relativity and Quantum Cosmology,10.1093/mnras/stab1520,arXiv:2105.11329,https://ui.adsabs.harvard.edu/abs/2021MNRAS.505.4278P
2021A&A...652A.157G,CAPOS: The bulge Cluster APOgee Survey. I. Overview and initial ASPCAP results,2021,8,Astronomy and Astrophysics,652,A157,42,0,41,stars: abundances; Galaxy: bulge; globular clusters: general; Astrophysics - Astrophysics of Galaxies,10.1051/0004-6361/202140436,arXiv:2106.00024,https://ui.adsabs.harvard.edu/abs/2021A&A...652A.157G
2021PDU....3300857O,Anisotropic k-essence,2021,9,Physics of the Dark Universe,33,100857,2,2,16,Model of dark energy; Anisotropic accelerated expansion; Dynamical system; General Relativity and Quantum Cosmology,10.1016/j.dark.2021.100857,arXiv:2106.06432,https://ui.adsabs.harvard.edu/abs/2021PDU....3300857O
2021OLEB...51..185G,Plausible Emergence and Self Assembly of a Primitive Phospholipid from Reduced Phosphorus on the Primordial Earth,2021,9,Origins of Life and Evolution of the Biosphere,51,185,17,2,3,Prebiotic; Reduced phospholipid; Phosphorus; Self-assembly; Hydrothermal; Origins of life,10.1007/s11084-021-09613-4,,https://ui.adsabs.harvard.edu/abs/2021OLEB...51..185G
2021MNRAS.506.2247A,The impact of tidal friction evolution on the orbital decay of ultra-short-period planets,2021,9,Monthly Notices of the Royal Astronomical Society,506,2247,6,3,15,planets and satellites: dynamical evolution and stability; planets and satellites: gaseous planets; planets and satellites: physical evolution; Astrophysics - Earth and Planetary Astrophysics; Astrophysics - Solar and Stellar Astrophysics,10.1093/mnras/stab1081,arXiv:2104.05967,https://ui.adsabs.harvard.edu/abs/2021MNRAS.506.2247A
2021ApJ...918L..37F,APOGEE-2 Discovery of a Large Population of Relatively High-metallicity Globular Cluster Debris,2021,9,The Astrophysical Journal Letters,918,L37,16,1,14,Stellar abundances; Red giant stars; Globular star clusters; 1577; 1372; 656; Astrophysics - Astrophysics of Galaxies,10.3847/2041-8213/ac225b,arXiv:2109.02669,https://ui.adsabs.harvard.edu/abs/2021ApJ...918L..37F
2021AJ....162...90P,Understanding the Angular Momentum Evolution of T Tauri and Herbig Ae/Be Stars,2021,9,The Astronomical Journal,162,90,11,4,10,Stellar rotation; Stellar properties; Young stellar objects; T Tauri stars; Herbig Ae/Be stars; Protostars; Pre-main sequence stars; Stellar accretion disks; Interstellar magnetic fields; 1629; 1624; 1834; 1681; 723; 1302; 1290; 1579; 845; Astrophysics - Solar and Stellar Astrophysics,10.3847/1538-3881/ac04ae,arXiv:2105.12884,https://ui.adsabs.harvard.edu/abs/2021AJ....162...90P
2021MNRAS.506.4687M,Effect of orbital trapping by bar resonances in the local U-V velocity field,2021,10,Monthly Notices of the Royal Astronomical Society,506,4687,5,1,11,Galaxy: kinematics and dynamics; solar neighbourhood; Galaxy: structure; Astrophysics - Astrophysics of Galaxies,10.1093/mnras/stab1908,arXiv:2107.00188,https://ui.adsabs.harvard.edu/abs/2021MNRAS.506.4687M
2021ApJ...920...61A,Orbital Dynamics in a Triaxial Barred Galaxy Model. I. The 2D System,2021,10,The Astrophysical Journal,920,61,3,1,3,Galaxy structure; Galaxy physics; Galactic bulge; 622; 612; 2041,10.3847/1538-4357/ac15f2,,https://ui.adsabs.harvard.edu/abs/2021ApJ...920...61A
2021ApJ...920...13M,C<SUP>3</SUP> Cluster Clustering Cosmology I. New Constraints on the Cosmic Growth Rate at z   0.3 from Redshift-space Clustering Anisotropies,2021,10,The Astrophysical Journal,920,13,6,1,32,Observational cosmology; Redshift surveys; Cosmological parameters; Galaxy clusters; 1146; 1378; 339; 584; Astrophysics - Cosmology and Nongalactic Astrophysics,10.3847/1538-4357/ac0e8c,arXiv:2010.11206,https://ui.adsabs.harvard.edu/abs/2021ApJ...920...13M
2021A&A...654A..90L,SUPER. V. ALMA continuum observations of z ∼ 2 AGN and the elusive evidence of outflows influencing star formation,2021,10,Astronomy and Astrophysics,654,A90,27,1,32,galaxies: star formation; galaxies: Seyfert; galaxies: active; galaxies: ISM; Astrophysics - Astrophysics of Galaxies,10.1051/0004-6361/202141363,arXiv:2109.02674,https://ui.adsabs.harvard.edu/abs/2021A&A...654A..90L
2021P&SS..20705306F,Taurid complex smoking gun: Detection of cometary activity,2021,11,Planetary and Space Science,207,105306,2,1,6,Minor planets; Asteroids: general; Comets: general; Astrophysics - Earth and Planetary Astrophysics,10.1016/j.pss.2021.105306,arXiv:2011.13078,https://ui.adsabs.harvard.edu/abs/2021P&SS..20705306F
2021JCAP...11..060G,Testing the consistency between cosmological data: the impact of spatial curvature and the dark energy EoS,2021,11,Journal of Cosmology and Astroparticle Physics,2021,060,4,0,45,cosmological parameters from CMBR; cosmological parameters from LSS; dark energy theory; Astrophysics - Cosmology and Nongalactic Astrophysics,10.1088/1475-7516/2021/11/060,arXiv:2104.13455,https://ui.adsabs.harvard.edu/abs/2021JCAP...11..060G
2021ApJ...923..177S,Stellar Rotation of T Tauri Stars in the Orion Star-forming Complex,2021,12,The Astrophysical Journal,923,177,17,2,53,1834; 1629; 1599; Astrophysics - Solar and Stellar Astrophysics,10.3847/1538-4357/ac300a,arXiv:2110.06431,https://ui.adsabs.harvard.edu/abs/2021ApJ...923..177S
2021ApJ...922..204S,The Four Cosmic Tidal Web Elements from the β-skeleton,2021,12,The Astrophysical Journal,922,204,4,3,8,902; 356; Astrophysics - Cosmology and Nongalactic Astrophysics,10.3847/1538-4357/ac1fed,arXiv:2108.10351,https://ui.adsabs.harvard.edu/abs/2021ApJ...922..204S
2022MNRAS.509.1892M,Predicted free-free emission at radio wavelengths from Coronal Mass Ejections: event on 2011 March 7,2022,1,Monthly Notices of the Royal Astronomical Society,509,1892,4,1,4,hydrodynamics; radiation mechanisms: thermal; Sun: coronal mass ejections (CMEs),10.1093/mnras/stab3085,,https://ui.adsabs.harvard.edu/abs/2022MNRAS.509.1892M
2022JCAP...01..023A,Testing effects of Lorentz invariance violation in the propagation of astroparticles with the Pierre Auger Observatory,2022,1,Journal of Cosmology and Astroparticle Physics,2022,023,200,0,17,cosmic ray experiments; ultra high energy cosmic rays; physics of the early universe,10.1088/1475-7516/2022/01/023,,https://ui.adsabs.harvard.edu/abs/2022JCAP...01..023A
2022A&AT...33..265B,SPH simulations of the induced gravitational collapse,2022,1,Astronomical and Astrophysical Transactions,33,265,3,1,0,Gamma-ray burst; supernovae; binaries,,,https://ui.adsabs.harvard.edu/abs/2022A&AT...33..265B
2022A&A...657A..79B,Observational evidence for two-component distributions describing solar magnetic bright points,2022,1,Astronomy and Astrophysics,657,A79,9,2,13,Sun: photosphere; Sun: evolution; methods: observational; Astrophysics - Solar and Stellar Astrophysics,10.1051/0004-6361/202141231,arXiv:2110.12404,https://ui.adsabs.harvard.edu/abs/2022A&A...657A..79B
2022JCAP...02..018A,Structure formation in an anisotropic universe: Eulerian perturbation theory,2022,2,Journal of Cosmology and Astroparticle Physics,2022,018,5,3,7,Cosmological perturbation theory in GR and beyond; power spectrum; dark energy theory; Astrophysics - Cosmology and Nongalactic Astrophysics; General Relativity and Quantum Cosmology,10.1088/1475-7516/2022/02/018,arXiv:2111.06756,https://ui.adsabs.harvard.edu/abs/2022JCAP...02..018A
2022CeMDA.134....8P,"Bifurcation of periodic orbits for the N-body problem, from a nongeometrical family of solutions",2022,2,Celestial Mechanics and Dynamical Astronomy,134,8,3,2,0,N-body problem; Periodic orbits; Bifurcations; Analytic continuation method; 70F10; 37C27; 34A12,10.1007/s10569-022-10062-y,,https://ui.adsabs.harvard.edu/abs/2022CeMDA.134....8P
2022ApJ...925..119B,Spherical Accretion in Alternative Theories of Gravity,2022,2,The Astrophysical Journal,925,119,4,0,41,14; 159; 661; 1118; General Relativity and Quantum Cosmology; Astrophysics - High Energy Astrophysical Phenomena,10.3847/1538-4357/ac3a03,arXiv:2111.02178,https://ui.adsabs.harvard.edu/abs/2022ApJ...925..119B
2022AJ....163...75A,Equilibrium Points and Networks of Periodic Orbits in the Pseudo-Newtonian Planar Circular Restricted Three-body Problem,2022,2,The Astronomical Journal,163,75,4,1,5,1145,10.3847/1538-3881/ac31af,,https://ui.adsabs.harvard.edu/abs/2022AJ....163...75A
2022MNRAS.511L..35A,What does lie at the Milky Way centre? Insights from the S2-star orbit precession,2022,3,Monthly Notices of the Royal Astronomical Society,511,L35,7,0,35,stars: kinematics and dynamics; Galaxy: centre; Galaxy: structure; dark matter; Astrophysics - Astrophysics of Galaxies,10.1093/mnrasl/slab126,arXiv:2109.10729,https://ui.adsabs.harvard.edu/abs/2022MNRAS.511L..35A
2022MNRAS.510.5945M,Orbits of globular clusters computed with dynamical friction in the Galactic anisotropic velocity dispersion field,2022,3,Monthly Notices of the Royal Astronomical Society,510,5945,5,1,17,globular clusters: general; Galaxy: kinematics and dynamics; Astrophysics - Astrophysics of Galaxies,10.1093/mnras/stab3724,arXiv:2112.11589,https://ui.adsabs.harvard.edu/abs/2022MNRAS.510.5945M
2022GReGr..54...26B,"Wave operators, torsion, and Weitzenböck identities",2022,3,General Relativity and Gravitation,54,26,4,1,7,Riemann-Cartan geometry; Torsion; Wave operators; Gravitational waves; Weitzenböck identities; Lie algebra; Lorentz symmetry,10.1007/s10714-022-02914-7,,https://ui.adsabs.harvard.edu/abs/2022GReGr..54...26B
2022RMxAA..58...83G,The Properties of High Redshift Galaxies,2022,4,Revista Mexicana de Astronomia y Astrofisica,58,83,1,1,0,cosmology: theory; dark ages; reionization; first stars; galaxies: star formation,10.22201/ia.01851101p.2022.58.01.07,,https://ui.adsabs.harvard.edu/abs/2022RMxAA..58...83G
2022JCAP...04..016E,Neural networks and standard cosmography with newly calibrated high redshift GRB observations,2022,4,Journal of Cosmology and Astroparticle Physics,2022,016,4,1,19,modified gravity; gamma ray bursts theory; supernova type Ia - standard candles; Astrophysics - Cosmology and Nongalactic Astrophysics; General Relativity and Quantum Cosmology,10.1088/1475-7516/2022/04/016,arXiv:2109.00636,https://ui.adsabs.harvard.edu/abs/2022JCAP...04..016E
2022P&SS..21405433S,"Geomorphological evidence of the internal geological activity of Sputnik Planitia, and its relationship with the surrounding terrains",2022,5,Planetary and Space Science,214,105433,4,4,1,Pluto; Sputnik Planitia; Geomorphology; Icy bodies; Cryovolcanism,10.1016/j.pss.2022.105433,,https://ui.adsabs.harvard.edu/abs/2022P&SS..21405433S
2022MNRAS.512.1032S,"Cronomoons: origin, dynamics, and light-curve features of ringed exomoons",2022,5,Monthly Notices of the Royal Astronomical Society,512,1032,11,1,12,methods: analytical; techniques: photometric; planets and satellites: detection; planets and satellites: dynamical evolution and stability; planets and satellites: rings; Astrophysics - Earth and Planetary Astrophysics,10.1093/mnras/stab3531,arXiv:2112.02687,https://ui.adsabs.harvard.edu/abs/2022MNRAS.512.1032S
2022ApJ...930...35F,Kiloparsec-scale Imaging of the CO(1-0)-traced Cold Molecular Gas Reservoir in a z   3.4 Submillimeter Galaxy,2022,5,The Astrophysical Journal,930,35,12,1,14,Galaxy evolution; High-redshift galaxies; Starburst galaxies; Interstellar medium; 594; 734; 1570; 847; Astrophysics - Astrophysics of Galaxies,10.3847/1538-4357/ac6105,arXiv:2203.15811,https://ui.adsabs.harvard.edu/abs/2022ApJ...930...35F
2022MNRAS.513..595X,Cosmological constraints from the density gradient weighted correlation function,2022,6,Monthly Notices of the Royal Astronomical Society,513,595,11,1,12,methods: statistical; cosmological parameters; large-scale structure of Universe; Astrophysics - Cosmology and Nongalactic Astrophysics,10.1093/mnras/stac879,arXiv:2203.15986,https://ui.adsabs.harvard.edu/abs/2022MNRAS.513..595X
2022Ap&SS.367...55S,On the beyond-Newtonian collinear circular restricted (3+1)-body problem with spinning primaries,2022,6,Astrophysics and Space Science,367,55,4,1,5,Restricted four-body problem; Pseudo-Newtonian potential; Libration points; Linear stability,10.1007/s10509-022-04081-2,,https://ui.adsabs.harvard.edu/abs/2022Ap&SS.367...55S
2022AN....34310025G,Methodology for the observation of radio sources using Ku−band compact radio telescopes,2022,6,Astronomische Nachrichten,343,e10025,3,3,0,,10.1002/asna.20210025,,https://ui.adsabs.harvard.edu/abs/2022AN....34310025G
2022MNRAS.514L..22S,NGC 5236's stars as tracers of arms and arm widths in spiral galaxies,2022,7,Monthly Notices of the Royal Astronomical Society,514,L22,2,2,3,galaxies: individual: NGC 5236; galaxies: spiral; galaxies: structure; galaxies: fundamental parameters; Astrophysics - Astrophysics of Galaxies,10.1093/mnrasl/slac047,arXiv:2205.00010,https://ui.adsabs.harvard.edu/abs/2022MNRAS.514L..22S
2022ApJ...933..125A,A Search for Photons with Energies Above 2 × 10<SUP>17</SUP> eV Using Hybrid Data from the Low-Energy Extensions of the Pierre Auger Observatory,2022,7,The Astrophysical Journal,933,125,200,0,32,Particle astrophysics; Ultra-high-energy cosmic radiation; Cosmic ray showers; Non-thermal radiation sources; Multivariate analysis; 96; 1733; 327; 1119; 1913,10.3847/1538-4357/ac7393,,https://ui.adsabs.harvard.edu/abs/2022ApJ...933..125A
2022A&C....4000623Z,The bright side of the light curve: A general photometric model of non-transiting exorings,2022,7,Astronomy and Computing,40,100623,3,1,9,Planets and satellites: rings; Techniques: photometric; Methods: numerical; Planets and satellites: detection; Astrophysics - Earth and Planetary Astrophysics; Astrophysics - Instrumentation and Methods for Astrophysics,10.1016/j.ascom.2022.100623,arXiv:2207.08636,https://ui.adsabs.harvard.edu/abs/2022A&C....4000623Z
2022Univ....8..449S,Calculation of the Cosmological Constant for the Planetary System in Schwarzschild's Cosmological Model,2022,8,Universe,8,449,3,3,0,cosmological model; Schwarzschild model; static cosmological model,10.3390/universe8090449,,https://ui.adsabs.harvard.edu/abs/2022Univ....8..449S
2022RELEA..33...51C,Estímula al Pensamiento Científico Mediante Ejercicios con Espectroscopia Estelar,2022,8,Latin American Journal of Astronomy Education,33,51,2,2,0,,10.37156/RELEA/2022.33.051,,https://ui.adsabs.harvard.edu/abs/2022RELEA..33...51C
2022JCAP...08..059C,An effective fluid description of scalar-vector-tensor theories under the sub-horizon and quasi-static approximations,2022,8,Journal of Cosmology and Astroparticle Physics,2022,059,3,2,15,Cosmological perturbation theory in GR and beyond; dark energy theory; Gauss-Bonnet-Lovelock-Horndeski-Palatini etc gravity theories; modified gravity; Astrophysics - Cosmology and Nongalactic Astrophysics; General Relativity and Quantum Cosmology,10.1088/1475-7516/2022/08/059,arXiv:2206.02895,https://ui.adsabs.harvard.edu/abs/2022JCAP...08..059C
2022ApJ...935..170A,Arrival Directions of Cosmic Rays above 32 EeV from Phase One of the Pierre Auger Observatory,2022,8,The Astrophysical Journal,935,170,200,0,91,Ultra-high-energy cosmic radiation; Cosmic ray astronomy; Clustering; Active galaxies; Starburst galaxies; 1733; 324; 1908; 17; 1570; Astrophysics - High Energy Astrophysical Phenomena; Astrophysics - Cosmology and Nongalactic Astrophysics,10.3847/1538-4357/ac7d4e,arXiv:2206.13492,https://ui.adsabs.harvard.edu/abs/2022ApJ...935..170A
2022ApJ...934..164A,Search for Spatial Correlations of Neutrinos with Ultra-high-energy Cosmic Rays,2022,8,The Astrophysical Journal,934,164,200,0,22,Neutrino astronomy; High energy astrophysics; Ultra-high-energy cosmic radiation; Astrophysics - High Energy Astrophysical Phenomena,10.3847/1538-4357/ac6def,arXiv:2201.07313,https://ui.adsabs.harvard.edu/abs/2022ApJ...934..164A
2022MNRAS.515.2822R,Why most molecular clouds are gravitationally dominated,2022,9,Monthly Notices of the Royal Astronomical Society,515,2822,5,1,26,turbulence; stars: formation; ISM: clouds; ISM: kinematics and dynamics; galaxies: star formation; Astrophysics - Astrophysics of Galaxies,10.1093/mnras/stac1848,arXiv:2206.09187,https://ui.adsabs.harvard.edu/abs/2022MNRAS.515.2822R
2022MNRAS.515.1416C,Detached eclipsing binaries from the Kepler field: radii and photometric masses of components in short-period systems,2022,9,Monthly Notices of the Royal Astronomical Society,515,1416,5,2,13,techniques: photometric; binaries: eclipsing; stars: fundamental parameters; stars: late-type; Astrophysics - Solar and Stellar Astrophysics,10.1093/mnras/stac1707,arXiv:2206.08708,https://ui.adsabs.harvard.edu/abs/2022MNRAS.515.1416C
2022A&A...665A..54M,Scaling relations of z ∼ 0.25-1.5 galaxies in various environments from the morpho-kinematics analysis of the MAGIC sample,2022,9,Astronomy and Astrophysics,665,A54,13,1,16,galaxies: evolution; galaxies: kinematics and dynamics; galaxies: clusters: general; galaxies: groups: general; galaxies: high-redshift; Astrophysics - Astrophysics of Galaxies,10.1051/0004-6361/202243110,arXiv:2204.08724,https://ui.adsabs.harvard.edu/abs/2022A&A...665A..54M
2022RMxAA..58..173O,The Differential Redshift of Titanium Lines in K Stars,2022,10,Revista Mexicana de Astronomia y Astrofisica,58,173,2,2,0,convection; stars: general; Sun: granulation; techniques: spectroscopic,10.22201/ia.01851101p.2022.58.02.01,,https://ui.adsabs.harvard.edu/abs/2022RMxAA..58..173O
2022ApJ...940...90C,Orbital Decay of Double White Dwarfs: Beyond Gravitational-wave Radiation Effects,2022,11,The Astrophysical Journal,940,90,9,2,17,White dwarf stars; Close binary stars; Compact binary stars; Stellar magnetic fields; Gravitational waves; 1799; 254; 283; 1610; 678; General Relativity and Quantum Cosmology; Astrophysics - High Energy Astrophysical Phenomena; Astrophysics - Solar and Stellar Astrophysics,10.3847/1538-4357/ac9841,arXiv:2208.00863,https://ui.adsabs.harvard.edu/abs/2022ApJ...940...90C
2022ApJ...939...82H,Far-ultraviolet Flares on Accreting Protostars: Weak and Classical T Tauri Stellar Pair Analysis,2022,11,The Astrophysical Journal,939,82,8,1,10,Ultraviolet astronomy; Classical T Tauri stars; T Tauri stars; Weak-line T Tauri stars; Hubble Space Telescope; 1736; 252; 1681; 1795; 761,10.3847/1538-4357/ac8f26,,https://ui.adsabs.harvard.edu/abs/2022ApJ...939...82H
2022ApJ...939...16F,On the Convergence of the Milky Way and M31 Kinematics from Cosmological Simulations,2022,11,The Astrophysical Journal,939,16,2,2,3,Local Group; N-body simulations; Milky Way Galaxy; Andromeda Galaxy; 929; 1083; 1054; 39; Astrophysics - Cosmology and Nongalactic Astrophysics; Astrophysics - Astrophysics of Galaxies,10.3847/1538-4357/ac92ea,arXiv:2209.09369,https://ui.adsabs.harvard.edu/abs/2022ApJ...939...16F
2022AJ....164..207D,Overview of the Instrumentation for the Dark Energy Spectroscopic Instrument,2022,11,The Astronomical Journal,164,207,200,1,591,Dark energy; Spectroscopy; Astronomical instrumentation; Spectrometers; Optical telescopes; 351; 1558; 799; 1554; 1174; Astrophysics - Instrumentation and Methods for Astrophysics; Astrophysics - Cosmology and Nongalactic Astrophysics,10.3847/1538-3881/ac882b,arXiv:2205.10939,https://ui.adsabs.harvard.edu/abs/2022AJ....164..207D
2022LRR....25....4A,New horizons for fundamental physics with LISA,2022,12,Living Reviews in Relativity,25,4,141,1,341,LISA; Gravitational waves; Fundamental physics; Tests of general relativity; General Relativity and Quantum Cosmology; 83CXX,10.1007/s41114-022-00036-9,arXiv:2205.01597,https://ui.adsabs.harvard.edu/abs/2022LRR....25....4A
2022JCAP...12..021M,Large-scale anisotropies of extragalactic cosmic rays below the ankle,2022,12,Journal of Cosmology and Astroparticle Physics,2022,021,3,1,8,galactic magnetic fields; ultra high energy cosmic rays; Astrophysics - High Energy Astrophysical Phenomena,10.1088/1475-7516/2022/12/021,arXiv:2207.11540,https://ui.adsabs.harvard.edu/abs/2022JCAP...12..021M
2022FrASS...928357D,The ETNA Mission Concept: Assessing the Habitability of an Active Ocean World,2022,12,Frontiers in Astronomy and Space Sciences,9,398,16,1,3,Enceladus; habitability; Astrobiology; biosignatures; Mission concept; Seismic network; plume sample analysis; New Frontiers,10.3389/fspas.2022.1028357,,https://ui.adsabs.harvard.edu/abs/2022FrASS...928357D
2022Ap&SS.367..116S,On the fractal properties of cosmic rays and Sun dynamics cross-correlations,2022,12,Astrophysics and Space Science,367,116,1,1,15,Topological statistical methods; Cosmic rays; Sun dynamics; Heliospheric physics,10.1007/s10509-022-04151-5,,https://ui.adsabs.harvard.edu/abs/2022Ap&SS.367..116S
2022AJ....164..250L,Toward the Automated Detection of Light Echoes in Synoptic Surveys: Considerations on the Application of Deep Convolutional Neural Networks,2022,12,The Astronomical Journal,164,250,10,1,6,Convolutional neural networks; Interstellar dust; Transient detection; 1938; 836; 1957; Astrophysics - Instrumentation and Methods for Astrophysics; Astrophysics - Astrophysics of Galaxies,10.3847/1538-3881/ac9409,arXiv:2208.04198,https://ui.adsabs.harvard.edu/abs/2022AJ....164..250L
2023RASTI...2...33O,Extending time-series models for irregular observational gaps with a moving average structure for astronomical sequences,2023,1,RAS Techniques and Instruments,2,33,4,1,0,methods: data analysis; methods: statistical; galaxies: general,10.1093/rasti/rzac011,,https://ui.adsabs.harvard.edu/abs/2023RASTI...2...33O
2023MNRAS.518.4494T,RELENSING: Reconstructing the mass profile of galaxy clusters from gravitational lensing,2023,1,Monthly Notices of the Royal Astronomical Society,518,4494,2,2,7,gravitational lensing: strong; gravitational lensing: weak; methods: numerical; galaxies: clusters: general; Astrophysics - Cosmology and Nongalactic Astrophysics,10.1093/mnras/stac3253,arXiv:2201.10076,https://ui.adsabs.harvard.edu/abs/2023MNRAS.518.4494T
2023MNRAS.518.4438V,Conditions for high-resolution bistatic radar observations of Apophis in 2029,2023,1,Monthly Notices of the Royal Astronomical Society,518,4438,3,3,1,techniques: radar astronomy; ephemerides; minor planets; asteroids: individual: 99942 Apophis; Astrophysics - Earth and Planetary Astrophysics; Astrophysics - Instrumentation and Methods for Astrophysics,10.1093/mnras/stac3046,arXiv:2201.12205,https://ui.adsabs.harvard.edu/abs/2023MNRAS.518.4438V
2023MNRAS.518.2241G,Deep learning reconstruction of the large-scale structure of the Universe from luminosity distance,2023,1,Monthly Notices of the Royal Astronomical Society,518,2241,3,3,4,cosmology: theory; large-scale structure of Universe; Astrophysics - Cosmology and Nongalactic Astrophysics; Astrophysics - Astrophysics of Galaxies; General Relativity and Quantum Cosmology,10.1093/mnras/stac2916,arXiv:2107.05771,https://ui.adsabs.harvard.edu/abs/2023MNRAS.518.2241G
2023MNRAS.518...75S,A Bayesian Monte Carlo assessment of orbital stability in the late stages of planetary system formation,2023,1,Monthly Notices of the Royal Astronomical Society,518,75,3,3,2,methods: statistical; catalogues; planets and satellites: dynamical evolution and stability; planets and satellites: formation; planet-star interactions; Astrophysics - Earth and Planetary Astrophysics; Astrophysics - Solar and Stellar Astrophysics,10.1093/mnras/stac3112,arXiv:2207.07617,https://ui.adsabs.harvard.edu/abs/2023MNRAS.518...75S
2023JAI....1250005R,Optimization of Antenna Performance for Global 21 cm Observations and Verification Using Scaled Copies,2023,1,Journal of Astronomical Instrumentation,12,2350005,8,1,3,Global experiment; design antenna; 21cm line; Astrophysics - Instrumentation and Methods for Astrophysics,10.1142/S2251171723500058,arXiv:2312.01859,https://ui.adsabs.harvard.edu/abs/2023JAI....1250005R
2023ApJ...943...68L,"The DESI Survey Validation: Results from Visual Inspection of Bright Galaxies, Luminous Red Galaxies, and Emission-line Galaxies",2023,1,The Astrophysical Journal,943,68,82,1,93,Galaxy spectroscopy; Observational cosmology; 2171; 1146; Astrophysics - Cosmology and Nongalactic Astrophysics; Astrophysics - Astrophysics of Galaxies,10.3847/1538-4357/aca5fa,arXiv:2208.08516,https://ui.adsabs.harvard.edu/abs/2023ApJ...943...68L
2023A&A...669A..23G,"SIT 45: An interacting, compact, and star-forming isolated galaxy triplet",2023,1,Astronomy and Astrophysics,669,A23,10,0,5,galaxies: general; galaxies: formation; galaxies: evolution; galaxies: interactions; galaxies: star formation; Astrophysics - Astrophysics of Galaxies,10.1051/0004-6361/202244492,arXiv:2209.12850,https://ui.adsabs.harvard.edu/abs/2023A&A...669A..23G
2023JCAP...02..045C,"Holographic energy density, dark energy sound speed, and tensions in cosmological parameters: H<SUB>0</SUB> and S<SUB>8</SUB>",2023,2,Journal of Cosmology and Astroparticle Physics,2023,045,2,1,16,dark energy theory; cosmological parameters from CMBR; cosmological parameters from LSS; Astrophysics - Cosmology and Nongalactic Astrophysics,10.1088/1475-7516/2023/02/045,arXiv:2210.13335,https://ui.adsabs.harvard.edu/abs/2023JCAP...02..045C
2023ApJS..264...50A,A Catalog of the Highest-energy Cosmic Rays Recorded during Phase I of Operation of the Pierre Auger Observatory,2023,2,The Astrophysical Journal Supplement Series,264,50,200,0,21,Ultra-high-energy cosmic radiation; Cosmic ray showers; Experimental data; Catalogs; 1733; 327; 2371; 205; Astrophysics - High Energy Astrophysical Phenomena; Astrophysics - Instrumentation and Methods for Astrophysics,10.3847/1538-4365/aca537,arXiv:2211.16020,https://ui.adsabs.harvard.edu/abs/2023ApJS..264...50A
2023AJ....165...50M,The Target-selection Pipeline for the Dark Energy Spectroscopic Instrument,2023,2,The Astronomical Journal,165,50,54,1,173,Catalogs; Sky surveys; Cosmology; Observational cosmology; Galaxy distances; Galaxies; Redshift surveys; Quasars; Milky Way Galaxy; Astronomy data analysis; Open source software; Astronomy software; 205; 1464; 343; 1146; 590; 573; 1378; 1319; 1054; 1858; 1866; 1855; Astrophysics - Instrumentation and Methods for Astrophysics; Astrophysics - Cosmology and Nongalactic Astrophysics; Astrophysics - Astrophysics of Galaxies,10.3847/1538-3881/aca5f9,arXiv:2208.08518,https://ui.adsabs.harvard.edu/abs/2023AJ....165...50M
2023A&A...670A..63V,Understanding the role of morphology and environment in the dynamical evolution of isolated galaxy triplets,2023,2,Astronomy and Astrophysics,670,A63,5,1,7,galaxies: general; galaxies: evolution; galaxies: formation; galaxies: groups: general; galaxies: interactions; Astrophysics - Astrophysics of Galaxies,10.1051/0004-6361/202245297,arXiv:2211.10290,https://ui.adsabs.harvard.edu/abs/2023A&A...670A..63V
2023MNRAS.519.3584V,Synchrotron emitting Komissarov torus with magnetic polarization around Kerr black holes,2023,3,Monthly Notices of the Royal Astronomical Society,519,3584,4,4,4,black hole physics; accretion; accretion discs; radiative transfer; relativistic processes; magnetic fields; General Relativity and Quantum Cosmology,10.1093/mnras/stac3331,arXiv:2211.08912,https://ui.adsabs.harvard.edu/abs/2023MNRAS.519.3584V
2023ApJ...945...95W,GRB 171205A: Hypernova and Newborn Neutron Star,2023,3,The Astrophysical Journal,945,95,5,1,15,Gamma-ray bursts; Neutron stars; Pulsars; 629; 1108; 1306; Astrophysics - High Energy Astrophysical Phenomena,10.3847/1538-4357/acb771,arXiv:2208.02725,https://ui.adsabs.harvard.edu/abs/2023ApJ...945...95W
2023Univ....9..197A,"Fermionic Dark Matter: Physics, Astrophysics, and Cosmology",2023,4,Universe,9,197,4,0,31,dark matter; galactic structure; supermassive black holes; active galactic nuclei; Astrophysics - Astrophysics of Galaxies; Astrophysics - Cosmology and Nongalactic Astrophysics; Astrophysics - High Energy Astrophysical Phenomena; General Relativity and Quantum Cosmology,10.3390/universe9040197,arXiv:2304.06329,https://ui.adsabs.harvard.edu/abs/2023Univ....9..197A
2023ApJ...947...37C,Overview of the DESI Milky Way Survey,2023,4,The Astrophysical Journal,947,37,65,1,199,Milky Way stellar halo; Dwarf galaxies; Milky Way evolution; Milky Way Galaxy; Milky Way dark matter halo; Milky Way dynamics; Surveys; Milky Way Galaxy physics; Spectroscopy; Radial velocity; Stellar abundances; Galaxy formation; 1060; 416; 1052; 1054; 1049; 1051; 1671; 1056; 1558; 1332; 1577; 595; Astrophysics - Astrophysics of Galaxies; Astrophysics - Cosmology and Nongalactic Astrophysics,10.3847/1538-4357/acb3c0,arXiv:2208.08514,https://ui.adsabs.harvard.edu/abs/2023ApJ...947...37C
2023AJ....165..144G,The Spectroscopic Data Processing Pipeline for the Dark Energy Spectroscopic Instrument,2023,4,The Astronomical Journal,165,144,58,1,307,Galaxy spectroscopy; High-redshift galaxies; Redshift surveys; 2171; 734; 1378; Astrophysics - Instrumentation and Methods for Astrophysics; Astrophysics - Cosmology and Nongalactic Astrophysics,10.3847/1538-3881/acb212,arXiv:2209.14482,https://ui.adsabs.harvard.edu/abs/2023AJ....165..144G
2023hsa..conf..493O,"RECA: Mentoring, internship and educational programs as tools to overcome inequalities for Astronomy students in Colombia",2023,5,Highlights on Spanish Astrophysics XI,,493,27,6,0,,,,https://ui.adsabs.harvard.edu/abs/2023hsa..conf..493O
2023PDU....4001207O,Late-time cosmology in a model of modified gravity with an exponential function of the curvature,2023,5,Physics of the Dark Universe,40,101207,2,2,7,Modified gravity; Dark energy; f(R) gravity; General Relativity and Quantum Cosmology; Astrophysics - Cosmology and Nongalactic Astrophysics,10.1016/j.dark.2023.101207,arXiv:2302.07022,https://ui.adsabs.harvard.edu/abs/2023PDU....4001207O
2023MNRAS.521.2988R,"New insight into the massive eccentric binary HD 165052: self-consistent orbital solution, apsidal motion, and fundamental parameters",2023,5,Monthly Notices of the Royal Astronomical Society,521,2988,4,1,8,binaries: spectroscopic; stars: early-type; stars: evolution; stars: individual (HD 165052); stars: massive; Astrophysics - Solar and Stellar Astrophysics,10.1093/mnras/stad780,arXiv:2303.07214,https://ui.adsabs.harvard.edu/abs/2023MNRAS.521.2988R
2023LSSR...37...15O,Could exposure to spaceflight cause mutations in genes that affect male fertility?,2023,5,Life Sciences in Space Research,37,15,3,1,0,Microgravity; Male infertility; Gene mutation; SNVs; Spaceflight,10.1016/j.lssr.2023.01.006,,https://ui.adsabs.harvard.edu/abs/2023LSSR...37...15O
2023JCAP...05..021A,Search for photons above 10<SUP>19</SUP> eV with the surface detector of the Pierre Auger Observatory,2023,5,Journal of Cosmology and Astroparticle Physics,2023,021,200,0,20,cosmic ray experiments; gamma ray detectors; ultra high energy cosmic rays; ultra high energy photons and neutrinos,10.1088/1475-7516/2023/05/021,,https://ui.adsabs.harvard.edu/abs/2023JCAP...05..021A
2023MNRAS.521.6075C,Towards the systematic detection of active asteroid candidates: A photometric method,2023,6,Monthly Notices of the Royal Astronomical Society,521,6075,2,2,0,methods: data analysis; techniques: photometric; astronomical data bases: miscellaneous; comets: general; minor planets; asteroids: general,10.1093/mnras/stad897,,https://ui.adsabs.harvard.edu/abs/2023MNRAS.521.6075C
2023AJ....165..253H,"The DESI Bright Galaxy Survey: Final Target Selection, Design, and Validation",2023,6,The Astronomical Journal,165,253,60,2,346,Observational cosmology; Cosmology; Redshift surveys; Galaxies; Galactic and extragalactic astronomy; Galaxy spectroscopy; Spectrophotometry; 1146; 343; 1378; 573; 563; 2171; 1556; Astrophysics - Cosmology and Nongalactic Astrophysics; Astrophysics - Astrophysics of Galaxies,10.3847/1538-3881/accff8,arXiv:2208.08512,https://ui.adsabs.harvard.edu/abs/2023AJ....165..253H
2023A&A...674A..91C,Exploring magnetic field properties at the boundary of solar pores: A comparative study based on SDO-HMI observations,2023,6,Astronomy and Astrophysics,674,A91,5,1,3,Sun: magnetic fields; Sun: photosphere; sunspots; Astrophysics - Solar and Stellar Astrophysics,10.1051/0004-6361/202346389,arXiv:2304.13212,https://ui.adsabs.harvard.edu/abs/2023A&A...674A..91C
2023Univ....9..332B,"Neutron Star Binaries Produced by Binary-Driven Hypernovae, Their Mergers, and the Link between Long and Short GRBs",2023,7,Universe,9,332,5,2,3,neutron stars; gamma-ray burst; close binaries; Astrophysics - High Energy Astrophysical Phenomena,10.3390/universe9070332,arXiv:2307.09646,https://ui.adsabs.harvard.edu/abs/2023Univ....9..332B
2023ApJ...952...91A,Search for Ultra-high-energy Photons from Gravitational Wave Sources with the Pierre Auger Observatory,2023,7,The Astrophysical Journal,952,91,200,0,3,Particle astrophysics; Ultra-high-energy cosmic radiation; Cosmic ray showers; Gravitational wave sources; Transient sources; 96; 1733; 327; 677; 1851; Astrophysics - High Energy Astrophysical Phenomena; General Relativity and Quantum Cosmology,10.3847/1538-4357/acc862,arXiv:2307.10839,https://ui.adsabs.harvard.edu/abs/2023ApJ...952...91A
2023AdSpR..72..638S,Quantitatively relating cosmic rays intensities from solar activity parameters based on structural equation modeling,2023,7,Advances in Space Research,72,638,3,3,4,Cosmic rays; Sun dynamics; Modelling; Heliospheric Abundances; Photosphere; Solar wind,10.1016/j.asr.2023.02.044,,https://ui.adsabs.harvard.edu/abs/2023AdSpR..72..638S
2023AJ....166...22G,The Hitchhiker's Guide to the Galaxy Catalog Approach for Dark Siren Gravitational-wave Cosmology,2023,7,The Astronomical Journal,166,22,31,2,96,Gravitational wave astronomy; Hubble constant; Cosmology; 675; 758; 343; General Relativity and Quantum Cosmology; Astrophysics - Cosmology and Nongalactic Astrophysics,10.3847/1538-3881/acca78,arXiv:2212.08694,https://ui.adsabs.harvard.edu/abs/2023AJ....166...22G
2023NewA..10202035S,On the basins of convergence in the beyond-Newtonian spatial collinear circular restricted four-body problem with spinning primaries,2023,8,New Astronomy,102,102035,6,1,0,Restricted four-body problem; Pseudo-Newtonian potential; Newton-Raphson method; Basin entropy,10.1016/j.newast.2023.102035,,https://ui.adsabs.harvard.edu/abs/2023NewA..10202035S
2023MNRAS.523.2209A,On the growth of supermassive black holes formed from the gravitational collapse of fermionic dark matter cores,2023,8,Monthly Notices of the Royal Astronomical Society,523,2209,8,0,15,galaxies: formation; galaxies: high-redshift; galaxies: nuclei; quasars: supermassive black holes; galaxies: structure; dark matter; Astrophysics - Cosmology and Nongalactic Astrophysics,10.1093/mnras/stad1380,arXiv:2305.02430,https://ui.adsabs.harvard.edu/abs/2023MNRAS.523.2209A
2023JCAP...08..057C,Bondi-Hoyle-Lyttleton accretion onto a rotating black hole with ultralight scalar hair,2023,8,Journal of Cosmology and Astroparticle Physics,2023,057,6,1,14,accretion; astrophysical fluid dynamics; GR black holes; Astrophysics - High Energy Astrophysical Phenomena; General Relativity and Quantum Cosmology,10.1088/1475-7516/2023/08/057,arXiv:2301.06564,https://ui.adsabs.harvard.edu/abs/2023JCAP...08..057C
2023ApJ...952L..37A,The NANOGrav 15 yr Data Set: Constraints on Supermassive Black Hole Binaries from the Gravitational-wave Background,2023,8,The Astrophysical Journal Letters,952,L37,115,1,467,Gravitational waves; Supermassive black holes; Galaxy evolution; 678; 1663; 594; Astrophysics - High Energy Astrophysical Phenomena; Astrophysics - Cosmology and Nongalactic Astrophysics; General Relativity and Quantum Cosmology,10.3847/2041-8213/ace18b,arXiv:2306.16220,https://ui.adsabs.harvard.edu/abs/2023ApJ...952L..37A
2023ApJ...952..104M,Classification of Trajectories in a Two-planet Exosystem Using the Generalized Three-body Problem,2023,8,The Astrophysical Journal,952,104,6,1,2,Exoplanet astronomy; 486,10.3847/1538-4357/acd75f,,https://ui.adsabs.harvard.edu/abs/2023ApJ...952..104M
2023MNRAS.524.1008H,Planting a Lyman alpha forest on ABACUSSUMMIT,2023,9,Monthly Notices of the Royal Astronomical Society,524,1008,20,1,15,methods: numerical; quasars: absorption lines; cosmology: theory; Astrophysics - Cosmology and Nongalactic Astrophysics,10.1093/mnras/stad1920,arXiv:2305.08899,https://ui.adsabs.harvard.edu/abs/2023MNRAS.524.1008H
2023JAHH...26..621S,Astronomical phenomena in the cultural practices of the Kumba-Quimbaya indigenous community of Colombia,2023,9,Journal of Astronomical History and Heritage,26,621,2,2,0,Cultural astronomy; ethnography; astronomical phenomena; Kumba-Quimbaya community; cultural practices,,,https://ui.adsabs.harvard.edu/abs/2023JAHH...26..621S
2023ApJ...954..207G,The DESI One-Percent Survey: Constructing Galaxy-Halo Connections for ELGs and LRGs Using Auto and Cross Correlations,2023,9,The Astrophysical Journal,954,207,34,1,24,Emission line galaxies; Redshift surveys; Galaxy dark matter halos; Dark energy; Observational cosmology; 459; 1378; 1880; 351; 1146; Astrophysics - Astrophysics of Galaxies; Astrophysics - Cosmology and Nongalactic Astrophysics,10.3847/1538-4357/ace90a,arXiv:2306.06317,https://ui.adsabs.harvard.edu/abs/2023ApJ...954..207G
2023ApJ...954..149D,Target Selection and Sample Characterization for the DESI LOW-Z Secondary Target Program,2023,9,The Astrophysical Journal,954,149,42,1,36,Redshift surveys; Computational methods; Dwarf galaxies; Low surface brightness galaxies; 1378; 1965; 416; 940; Astrophysics - Astrophysics of Galaxies,10.3847/1538-4357/ace902,arXiv:2212.07433,https://ui.adsabs.harvard.edu/abs/2023ApJ...954..149D
2023ApJ...954..125E,Cosmology with One Galaxy? The ASTRID Model and Robustness,2023,9,The Astrophysical Journal,954,125,10,1,21,Cosmology; 343; Astrophysics - Cosmology and Nongalactic Astrophysics; Astrophysics - Astrophysics of Galaxies; Astrophysics - Instrumentation and Methods for Astrophysics,10.3847/1538-4357/ace96e,arXiv:2304.06084,https://ui.adsabs.harvard.edu/abs/2023ApJ...954..125E
2023A&A...677A.163A,"A Gaia astrometric view of the open clusters Pleiades, Praesepe, and Blanco 1",2023,9,Astronomy and Astrophysics,677,A163,2,2,19,astrometry; methods: data analysis; open clusters and associations: individual: Blanco 1; open clusters and associations: individual: Pleiades; open clusters and associations: individual: Praesepe; Astrophysics - Astrophysics of Galaxies,10.1051/0004-6361/202346569,arXiv:2304.00164,https://ui.adsabs.harvard.edu/abs/2023A&A...677A.163A
2023MNRAS.525.3162V,Orbital structure evolution in self-consistent N-body simulations,2023,10,Monthly Notices of the Royal Astronomical Society,525,3162,3,2,6,galaxies: evolution; galaxies: structure; galaxies: bar; methods: numerical; Astrophysics - Astrophysics of Galaxies,10.1093/mnras/stad2437,arXiv:2308.01439,https://ui.adsabs.harvard.edu/abs/2023MNRAS.525.3162V
2023MNRAS.525.1106S,Target selection for the DESI Peculiar Velocity Survey,2023,10,Monthly Notices of the Royal Astronomical Society,525,1106,38,1,54,surveys; galaxies: distances and redshifts; cosmology: observations; Astrophysics - Cosmology and Nongalactic Astrophysics; Astrophysics - Astrophysics of Galaxies,10.1093/mnras/stad2200,arXiv:2302.13760,https://ui.adsabs.harvard.edu/abs/2023MNRAS.525.1106S
2023JCAP...10..017R,Chirping compact stars: gravitational radiation and detection degeneracy with binaries,2023,10,Journal of Cosmology and Astroparticle Physics,2023,017,6,2,1,gravitational waves / sources; gravitational wave detectors; gravitational waves / experiments; gravitational waves / theory; Astrophysics - Astrophysics of Galaxies; General Relativity and Quantum Cosmology,10.1088/1475-7516/2023/10/017,arXiv:1907.10532,https://ui.adsabs.harvard.edu/abs/2023JCAP...10..017R
2023JCAP...10..016R,The DESI One-Percent survey: exploring the Halo Occupation Distribution of Emission Line Galaxies with ABACUSSUMMIT simulations,2023,10,Journal of Cosmology and Astroparticle Physics,2023,016,53,1,75,cosmological simulations; dark energy experiments; galaxy clustering; redshift surveys; Astrophysics - Cosmology and Nongalactic Astrophysics,10.1088/1475-7516/2023/10/016,arXiv:2306.06319,https://ui.adsabs.harvard.edu/abs/2023JCAP...10..016R
2023ApJ...955...93A,GRB-SN Association within the Binary-driven Hypernova Model,2023,10,The Astrophysical Journal,955,93,14,1,20,Gamma-ray bursts; 629; Astrophysics - High Energy Astrophysical Phenomena,10.3847/1538-4357/ace721,arXiv:2303.16902,https://ui.adsabs.harvard.edu/abs/2023ApJ...955...93A
2023AJ....166..177K,Astrometric Calibration and Performance of the Dark Energy Spectroscopic Instrument Focal Plane,2023,10,The Astronomical Journal,166,177,49,1,4,Astronomical techniques; Wide-field telescopes; Calibration; 1684; 1800; 2179; Astrophysics - Instrumentation and Methods for Astrophysics,10.3847/1538-3881/acf7c3,arXiv:2307.06238,https://ui.adsabs.harvard.edu/abs/2023AJ....166..177K
2023MNRAS.525.5575F,A striking relationship between dust extinction and radio detection in DESI QSOs: evidence for a dusty blow-out phase in red QSOs,2023,11,Monthly Notices of the Royal Astronomical Society,525,5575,42,1,40,galaxies: active; galaxies: evolution; quasars: general; quasars: supermassive black holes; radio continuum: galaxies; Astrophysics - Astrophysics of Galaxies,10.1093/mnras/stad2603,arXiv:2308.14790,https://ui.adsabs.harvard.edu/abs/2023MNRAS.525.5575F
2023MNRAS.525.5406M,First detection of the BAO signal from early DESI data,2023,11,Monthly Notices of the Royal Astronomical Society,525,5406,68,1,56,galaxies: statistics; cosmology: large-scale structure of Universe; observations; dark energy; methods: data analysis; statistical; Cosmology and Nongalactic Astrophysics,10.1093/mnras/stad2618,arXiv:2304.08427,https://ui.adsabs.harvard.edu/abs/2023MNRAS.525.5406M
2023MNRAS.525.4367H,Synthetic light-cone catalogues of modern redshift and weak lensing surveys waith ABACUSSUMMIT,2023,11,Monthly Notices of the Royal Astronomical Society,525,4367,35,1,19,gravitational lensing: weak; methods: numerical; galaxies: haloes; cosmic background radiation; large-scale structure of Universe; Astrophysics - Cosmology and Nongalactic Astrophysics,10.1093/mnras/stad2563,arXiv:2305.11935,https://ui.adsabs.harvard.edu/abs/2023MNRAS.525.4367H
2023JCAP...11..097Z,DESI luminous red galaxy samples for cross-correlations,2023,11,Journal of Cosmology and Astroparticle Physics,2023,097,39,1,68,cosmological parameters from LSS; galaxy clustering; galaxy surveys; weak gravitational lensing; Astrophysics - Cosmology and Nongalactic Astrophysics,10.1088/1475-7516/2023/11/097,arXiv:2309.06443,https://ui.adsabs.harvard.edu/abs/2023JCAP...11..097Z
2023JCAP...11..045G,3D correlations in the Lyman-α forest from early DESI data,2023,11,Journal of Cosmology and Astroparticle Physics,2023,045,59,1,30,Lyman alpha forest; baryon acoustic oscillations; dark energy experiments; Astrophysics - Cosmology and Nongalactic Astrophysics,10.1088/1475-7516/2023/11/045,arXiv:2308.10950,https://ui.adsabs.harvard.edu/abs/2023JCAP...11..045G
2023ApJ...957...76A,GTC Follow-up Observations of Very Metal-poor Star Candidates from DESI,2023,11,The Astrophysical Journal,957,76,51,1,8,Spectroscopy; Field stars; Milky Way formation; 1558; 2103; 1053; Astrophysics - Solar and Stellar Astrophysics; Astrophysics - Astrophysics of Galaxies; Astrophysics - Instrumentation and Methods for Astrophysics,10.3847/1538-4357/acfa96,arXiv:2306.06321,https://ui.adsabs.harvard.edu/abs/2023ApJ...957...76A
2023AJ....166..189E,Machine-learning Morphological Classification of TESS Light Curves of T Tauri Stars,2023,11,The Astronomical Journal,166,189,5,3,6,Young stellar objects; Light curve classification; Variable stars; Astrostatistics techniques; Protoplanetary disks; 1834; 1954; 1761; 1886; 1300,10.3847/1538-3881/acf865,,https://ui.adsabs.harvard.edu/abs/2023AJ....166..189E
2023MNRAS.526.6274G,CAPOS: the bulge Cluster APOgee Survey IV elemental abundances of the bulge globular cluster NGC 6558,2023,12,Monthly Notices of the Royal Astronomical Society,526,6274,15,0,14,Techniques: spectroscopic; stars: abundances; stars: chemically peculiar; galaxy: globular clusters: individual: NGC 6558; Astrophysics - Astrophysics of Galaxies; Astrophysics - Solar and Stellar Astrophysics,10.1093/mnras/stad3178,arXiv:2310.13054,https://ui.adsabs.harvard.edu/abs/2023MNRAS.526.6274G
2023MNRAS.526.5306D,Predicting the impact of feedback on matter clustering with machine learning in CAMELS,2023,12,Monthly Notices of the Royal Astronomical Society,526,5306,10,1,39,methods: numerical; galaxies: haloes; large-scale structure of Universe; cosmology: theory; Astrophysics - Astrophysics of Galaxies; Astrophysics - Cosmology and Nongalactic Astrophysics,10.1093/mnras/stad2992,arXiv:2301.02231,https://ui.adsabs.harvard.edu/abs/2023MNRAS.526.5306D
2023MNRAS.526.5118R,The Dark Energy Spectroscopic Instrument: one-dimensional power spectrum from first Ly α forest samples with Fast Fourier Transform,2023,12,Monthly Notices of the Royal Astronomical Society,526,5118,66,1,55,intergalactic medium; large-scale structure of Universe; cosmology: observations; Cosmology and Nongalactic Astrophysics,10.1093/mnras/stad3008,arXiv:2306.06311,https://ui.adsabs.harvard.edu/abs/2023MNRAS.526.5118R
2023MNRAS.526.4848G,Analysis of the impact of broad absorption lines on quasar redshift measurements with synthetic observations,2023,12,Monthly Notices of the Royal Astronomical Society,526,4848,20,2,12,methods: numerical; techniques: spectroscopic; (galaxies:) quasars: absorption; Astrophysics - Cosmology and Nongalactic Astrophysics; General Relativity and Quantum Cosmology,10.1093/mnras/stad2993,arXiv:2304.05855,https://ui.adsabs.harvard.edu/abs/2023MNRAS.526.4848G
2023JCAP...12..023G,Joint cosmological and gravitational-wave population inference using dark sirens and galaxy catalogues,2023,12,Journal of Cosmology and Astroparticle Physics,2023,023,14,2,93,gravitational waves / sources; Bayesian reasoning; galaxy surveys; Astrophysics - Cosmology and Nongalactic Astrophysics,10.1088/1475-7516/2023/12/023,arXiv:2308.02281,https://ui.adsabs.harvard.edu/abs/2023JCAP...12..023G
2023ApJ...958L..30R,XUE: Molecular Inventory in the Inner Region of an Extremely Irradiated Protoplanetary Disk,2023,12,The Astrophysical Journal Letters,958,L30,27,3,40,Protoplanetary disks; Pre-main sequence stars; Planet formation; 1300; 1290; 1241; Astrophysics - Solar and Stellar Astrophysics; Astrophysics - Earth and Planetary Astrophysics; Astrophysics - Astrophysics of Galaxies,10.3847/2041-8213/ad03f8,arXiv:2310.11074,https://ui.adsabs.harvard.edu/abs/2023ApJ...958L..30R
2023ARep...67S..87A,GRB-SN Association within the Binary-Driven Hypernova Model,2023,12,Astronomy Reports,67,S87,15,1,1,gamma-ray bursts,10.1134/S1063772923140020,,https://ui.adsabs.harvard.edu/abs/2023ARep...67S..87A
2023AJ....166..259S,Survey Operations for the Dark Energy Spectroscopic Instrument,2023,12,The Astronomical Journal,166,259,51,1,247,Redshift surveys; Spectroscopy; Observatories; 1378; 1558; 1147; Astrophysics - Cosmology and Nongalactic Astrophysics,10.3847/1538-3881/ad0832,arXiv:2306.06309,https://ui.adsabs.harvard.edu/abs/2023AJ....166..259S
2024MNRAS.527.6950Y,The DESI One-Percent Survey: exploring a generalized SHAM for multiple tracers with the UNIT simulation,2024,1,Monthly Notices of the Royal Astronomical Society,527,6950,43,1,32,methods: observational; methods: statistical; Galaxy: halo; large-scale structure of Universe; Astrophysics - Cosmology and Nongalactic Astrophysics,10.1093/mnras/stad3559,arXiv:2306.06313,https://ui.adsabs.harvard.edu/abs/2024MNRAS.527.6950Y
2024JCAP...01..022A,"Constraining models for the origin of ultra-high-energy cosmic rays with a novel combined analysis of arrival directions, spectrum, and composition data measured at the Pierre Auger Observatory",2024,1,Journal of Cosmology and Astroparticle Physics,2024,022,200,0,48,ultra high energy cosmic rays; cosmic ray experiments; active galactic nuclei; Astrophysics - High Energy Astrophysical Phenomena,10.1088/1475-7516/2024/01/022,arXiv:2305.16693,https://ui.adsabs.harvard.edu/abs/2024JCAP...01..022A
2024ApJ...961...74G,The DESI One-Percent Survey: A Concise Model for the Galactic Conformity of Emission-line Galaxies,2024,1,The Astrophysical Journal,961,74,30,1,17,Emission line galaxies; Redshift surveys; Galaxy dark matter halos; Dark energy; Observational cosmology; 459; 1378; 1880; 351; 1146; Astrophysics - Astrophysics of Galaxies; Astrophysics - Cosmology and Nongalactic Astrophysics,10.3847/1538-4357/ad09d6,arXiv:2309.03802,https://ui.adsabs.harvard.edu/abs/2024ApJ...961...74G
2024ApJ...961...56M,Simulating the Detection of the Global 21 cm Signal with MIST for Different Models of the Soil and Beam Directivity,2024,1,The Astrophysical Journal,961,56,13,0,20,Population III stars; Reionization; Intergalactic medium; H I line emission; Radio receivers; Bayesian statistics; Bayesian information criterion; 1285; 1383; 813; 690; 1355; 1900; 1920; Astrophysics - Instrumentation and Methods for Astrophysics; Astrophysics - Cosmology and Nongalactic Astrophysics,10.3847/1538-4357/ad0f1b,arXiv:2310.07741,https://ui.adsabs.harvard.edu/abs/2024ApJ...961...56M
2024ApJ...960...34Z,DESI Survey Validation Data in the COSMOS/Hyper Suprime-Cam Field: Cool Gas Trace Main-sequence Star-forming Galaxies at the Cosmic Noon,2024,1,The Astrophysical Journal,960,34,26,1,13,Circumgalactic medium; Galaxy environments; Star formation; Quasar absorption line spectroscopy; 1879; 2029; 1569; 1317; Astrophysics - Astrophysics of Galaxies,10.3847/1538-4357/ad09b2,arXiv:2302.13357,https://ui.adsabs.harvard.edu/abs/2024ApJ...960...34Z
2024MNRAS.52711539V,DESI mock challenge: constructing DESI galaxy catalogues based on FASTPM simulations,2024,2,Monthly Notices of the Royal Astronomical Society,527,11539,33,1,7,galaxies: haloes; large-scale structure of Universe; cosmology: theory; Astrophysics - Cosmology and Nongalactic Astrophysics,10.1093/mnras/stad3742,arXiv:2307.14197,https://ui.adsabs.harvard.edu/abs/2024MNRAS.52711539V
2024ApJS..270...26G,Changing-look Active Galactic Nuclei from the Dark Energy Spectroscopic Instrument. I. Sample from the Early Data,2024,2,The Astrophysical Journal Supplement Series,270,26,37,1,61,Active galaxies; Accretion; Active galactic nuclei; Supermassive black holes; Catalogs; 17; 14; 16; 1663; 205; Astrophysics - Astrophysics of Galaxies,10.3847/1538-4365/ad118a,arXiv:2307.08289,https://ui.adsabs.harvard.edu/abs/2024ApJS..270...26G
2024ApJ...961..173Z,A Large Sample of Extremely Metal-poor Galaxies at z < 1 Identified from the DESI Early Data,2024,2,The Astrophysical Journal,961,173,35,1,41,Metallicity; Scaling relations; Dwarf galaxies; Redshift surveys; 1031; 2031; 416; 1378; Astrophysics - Astrophysics of Galaxies,10.3847/1538-4357/ad1409,arXiv:2312.00300,https://ui.adsabs.harvard.edu/abs/2024ApJ...961..173Z
2024AJ....167...62D,Validation of the Scientific Program for the Dark Energy Spectroscopic Instrument,2024,2,The Astronomical Journal,167,62,200,2,299,Cosmology; Redshift surveys; 343; 1378; Astrophysics - Cosmology and Nongalactic Astrophysics,10.3847/1538-3881/ad0b08,arXiv:2306.06307,https://ui.adsabs.harvard.edu/abs/2024AJ....167...62D
2024MNRAS.528.7076C,Long-term follow-up observations of extreme coronal line emitting galaxies,2024,3,Monthly Notices of the Royal Astronomical Society,528,7076,43,1,28,galaxies: active; transients: tidal disruption events; Astrophysics - High Energy Astrophysical Phenomena,10.1093/mnras/stae460,arXiv:2307.03182,https://ui.adsabs.harvard.edu/abs/2024MNRAS.528.7076C
2024MNRAS.528.6666R,The Lyman-α forest catalogue from the Dark Energy Spectroscopic Instrument Early Data Release,2024,3,Monthly Notices of the Royal Astronomical Society,528,6666,70,1,47,catalogues; intergalactic medium; dark energy; large-scale structure of Universe; Cosmology and Nongalactic Astrophysics,10.1093/mnras/stad3781,arXiv:2306.06312,https://ui.adsabs.harvard.edu/abs/2024MNRAS.528.6666R
2024MNRAS.528.6559L,Redshift-dependent RSD bias from intrinsic alignment with DESI Year 1 spectra,2024,3,Monthly Notices of the Royal Astronomical Society,528,6559,33,1,5,methods: data analysis; large-scale structure of Universe; dark energy; observations; Astrophysics - Cosmology and Nongalactic Astrophysics,10.1093/mnras/stae317,arXiv:2312.04518,https://ui.adsabs.harvard.edu/abs/2024MNRAS.528.6559L
2024MNRAS.528.3941K,Optimal 1D Ly α forest power spectrum estimation - III. DESI early data,2024,3,Monthly Notices of the Royal Astronomical Society,528,3941,62,1,54,methods: data analysis; intergalactic medium; quasars: absorption lines; Cosmology and Nongalactic Astrophysics,10.1093/mnras/stae171,arXiv:2306.06316,https://ui.adsabs.harvard.edu/abs/2024MNRAS.528.3941K
2024ApJ...963..116P,The DESI One-percent Survey: Evidence for Assembly Bias from Low-redshift Counts-in-cylinders Measurements,2024,3,The Astrophysical Journal,963,116,32,1,12,Galaxy dark matter halos; Two-point correlation function; N-body simulations; Astronomical models; Astronomy software; Cosmological evolution; Extragalactic astronomy; 1880; 1951; 1083; 86; 1855; 336; 506; Astrophysics - Cosmology and Nongalactic Astrophysics; Astrophysics - Astrophysics of Galaxies,10.3847/1538-4357/ad1ffd,arXiv:2309.08675,https://ui.adsabs.harvard.edu/abs/2024ApJ...963..116P
2024ApJ...963...56H,PROVABGS: The Probabilistic Stellar Mass Function of the BGS One-percent Survey,2024,3,The Astrophysical Journal,963,56,36,1,9,Cosmology; Large-scale structure of the universe; Galaxies; Galactic and extragalactic astronomy; Galaxy spectroscopy; Astrostatistics; Bayesian statistics; 343; 902; 573; 563; 2171; 1882; 1900,10.3847/1538-4357/ad19c8,,https://ui.adsabs.harvard.edu/abs/2024ApJ...963...56H
2024AdSpR..73.3125M,On the equilibrium dynamics of a binary system with two Kerr-like bodies,2024,3,Advances in Space Research,73,3125,3,1,4,Restricted 3-body problem; Equilibrium points; Stability analysis,10.1016/j.asr.2023.12.038,,https://ui.adsabs.harvard.edu/abs/2024AdSpR..73.3125M
2024AdSpR..73.2753M,Comparison between different inflationary models in Bianchi IX spacetime,2024,3,Advances in Space Research,73,2753,5,1,0,Cosmology models; Chaos indicators; orbit classification; Mixmaster; Inflation,10.1016/j.asr.2023.11.019,,https://ui.adsabs.harvard.edu/abs/2024AdSpR..73.2753M
2024RMxAA..60..125R,SNIa Detection Analysis Results from Real and Simulated Images Using Specialized Software,2024,4,Revista Mexicana de Astronomia y Astrofisica,60,125,3,1,0,methods: data analysis; supernovae: general; techniques: image processing,10.22201/ia.01851101p.2024.60.01.10,,https://ui.adsabs.harvard.edu/abs/2024RMxAA..60..125R
2024JCAP...04..016C,Scrutinizing coupled vector dark energy in light of data,2024,4,Journal of Cosmology and Astroparticle Physics,2024,016,3,3,6,Cosmological perturbation theory in GR and beyond; dark energy theory; cosmological parameters from CMBR; modified gravity; Astrophysics - Cosmology and Nongalactic Astrophysics; General Relativity and Quantum Cosmology,10.1088/1475-7516/2024/04/016,arXiv:2310.13877,https://ui.adsabs.harvard.edu/abs/2024JCAP...04..016C
2024A&C....4700820A,Orbit classification in a galaxy model with a biaxial dark matter halo,2024,4,Astronomy and Computing,47,100820,4,1,0,Galaxies; Kinematics and dynamics ─ galaxies; Haloes ─ frequency analysis method ─ SALI indicator,10.1016/j.ascom.2024.100820,,https://ui.adsabs.harvard.edu/abs/2024A&C....4700820A
2024A&C....4700819M,Orbital dynamics of a binary system composed of a massive star and a black hole companion,2024,4,Astronomy and Computing,47,100819,3,1,0,Binary systems; Black holes; Stars; Orbit classification,10.1016/j.ascom.2024.100819,,https://ui.adsabs.harvard.edu/abs/2024A&C....4700819M
2024PDU....4401473C,Lensing convergence and anisotropic dark energy in galaxy redshift surveys,2024,5,Physics of the Dark Universe,44,101473,3,1,6,Dark energy; Galaxy surveys; Forecasts; Relativistic effects; Astrophysics - Cosmology and Nongalactic Astrophysics,10.1016/j.dark.2024.101473,arXiv:1907.10130,https://ui.adsabs.harvard.edu/abs/2024PDU....4401473C
2024NewA..10802155R,"Theory on the common universes, in relation to the universes inserted in the relational multiverse",2024,5,New Astronomy,108,102155,1,1,0,Universe; Stars; Expansion; Multiverse,10.1016/j.newast.2023.102155,,https://ui.adsabs.harvard.edu/abs/2024NewA..10802155R
2024MNRAS.530..947Y,The DESI one-per cent survey: exploring the halo occupation distribution of luminous red galaxies and quasi-stellar objects with ABACUSSUMMIT,2024,5,Monthly Notices of the Royal Astronomical Society,530,947,42,1,112,methods: numerical; methods: statistical; galaxies: haloes; large-scale structure of Universe; Astrophysics - Cosmology and Nongalactic Astrophysics,10.1093/mnras/stae359,arXiv:2306.06314,https://ui.adsabs.harvard.edu/abs/2024MNRAS.530..947Y
2024JCAP...05..077E,Mock data sets for the Eboss and DESI Lyman-α forest surveys,2024,5,Journal of Cosmology and Astroparticle Physics,2024,077,35,1,13,cosmological simulations; Lyman alpha forest; baryon acoustic oscillations; intergalactic media; Astrophysics - Cosmology and Nongalactic Astrophysics,10.1088/1475-7516/2024/05/077,arXiv:2310.18996,https://ui.adsabs.harvard.edu/abs/2024JCAP...05..077E
2024AdSpR..73.4868M,Revealing the equilibrium dynamics of a binary system of prolate or oblate elliptical galaxies,2024,5,Advances in Space Research,73,4868,3,1,3,Elliptical galaxies; Equilibrium points; Linear stability,10.1016/j.asr.2024.01.042,,https://ui.adsabs.harvard.edu/abs/2024AdSpR..73.4868M
2024MNRAS.531.2582M,DESI complete calibration of the colour-redshift relation (DC3R2): results from early DESI data,2024,6,Monthly Notices of the Royal Astronomical Society,531,2582,50,1,21,Astrophysics - Cosmology and Nongalactic Astrophysics,10.1093/mnras/stae1316,arXiv:2309.13109,https://ui.adsabs.harvard.edu/abs/2024MNRAS.531.2582M
2024MNRAS.531.1454K,Emission line predictions for mock galaxy catalogues: a new differentiable and empirical mapping from DESI,2024,6,Monthly Notices of the Royal Astronomical Society,531,1454,46,1,7,Astrophysics - Astrophysics of Galaxies,10.1093/mnras/stae1189,arXiv:2404.03055,https://ui.adsabs.harvard.edu/abs/2024MNRAS.531.1454K
2024MNRAS.530.4125M,Mapper of the IGM spin temperature: instrument overview,2024,6,Monthly Notices of the Royal Astronomical Society,530,4125,20,0,65,Astrophysics - Instrumentation and Methods for Astrophysics; Astrophysics - Cosmology and Nongalactic Astrophysics,10.1093/mnras/stae1138,arXiv:2309.02996,https://ui.adsabs.harvard.edu/abs/2024MNRAS.530.4125M
2024ApJ...968...68S,Rotational Evolution of Classical T Tauri Stars: Models and Observations,2024,6,The Astrophysical Journal,968,68,20,1,11,Classical T Tauri stars; Stellar evolution; Stellar magnetic fields; Stellar properties; Stellar rotation; Stellar winds; 252; 1599; 1610; 1624; 1629; 1636; Astrophysics - Solar and Stellar Astrophysics; Astrophysics - Earth and Planetary Astrophysics,10.3847/1538-4357/ad3a6b,arXiv:2403.07505,https://ui.adsabs.harvard.edu/abs/2024ApJ...968...68S
2024MNRAS.532..903S,Generating mock galaxy catalogues for flux-limited samples like the DESI Bright Galaxy Survey,2024,7,Monthly Notices of the Royal Astronomical Society,532,903,31,1,22,Astrophysics - Cosmology and Nongalactic Astrophysics,10.1093/mnras/stae1503,arXiv:2312.08792,https://ui.adsabs.harvard.edu/abs/2024MNRAS.532..903S
2024MNRAS.531.4108K,AuriDESI: mock catalogues for the DESI Milky Way Survey,2024,7,Monthly Notices of the Royal Astronomical Society,531,4108,34,1,9,Astrophysics - Astrophysics of Galaxies,10.1093/mnras/stae1415,arXiv:2406.08921,https://ui.adsabs.harvard.edu/abs/2024MNRAS.531.4108K
2024JCAP...07..094A,Impact of the magnetic horizon on the interpretation of the Pierre Auger Observatory spectrum and composition data,2024,7,Journal of Cosmology and Astroparticle Physics,2024,094,200,0,21,ultra high energy cosmic rays; cosmic ray experiments; cosmic ray theory; Astrophysics - High Energy Astrophysical Phenomena,10.1088/1475-7516/2024/07/094,arXiv:2404.03533,https://ui.adsabs.harvard.edu/abs/2024JCAP...07..094A
2024ApJ...969..105C,Cosmology with Multiple Galaxies,2024,7,The Astrophysical Journal,969,105,6,1,14,Cosmological parameters; Galaxy properties; Galaxy processes; Computational methods; Astronomy data analysis; 339; 615; 614; 1965; 1858; Astrophysics - Cosmology and Nongalactic Astrophysics; Astrophysics - Astrophysics of Galaxies; Astrophysics - Instrumentation and Methods for Astrophysics,10.3847/1538-4357/ad4969,arXiv:2309.12048,https://ui.adsabs.harvard.edu/abs/2024ApJ...969..105C
2024AN....34540034T,Evaluating a sigmoid dark energy model to explain the Hubble tension,2024,7,Astronomische Nachrichten,345,e20240034,4,3,2,Astrophysics - Cosmology and Nongalactic Astrophysics; General Relativity and Quantum Cosmology,10.1002/asna.20240034,arXiv:2311.05510,https://ui.adsabs.harvard.edu/abs/2024AN....34540034T
2024A&C....4800857S,Predicting sunspot number from topological features in spectral images I: Machine learning approach,2024,7,Astronomy and Computing,48,100857,3,3,3,Machine learning; Sunspots prediction; Spectral images; Sun's dynamics; Fractal features,10.1016/j.ascom.2024.100857,,https://ui.adsabs.harvard.edu/abs/2024A&C....4800857S
2024A&C....4800832A,On the equilibrium points of the collinear restricted 4-body problem with non-spherical bodies,2024,7,Astronomy and Computing,48,100832,5,1,6,Collinear restricted four-body problem; Libration points; Stability analysis,10.1016/j.ascom.2024.100832,,https://ui.adsabs.harvard.edu/abs/2024A&C....4800832A
2024A&A...687A.101A,"The longevity of the oldest open clusters. Structural parameters of NGC 188, NGC 2420, NGC 2425, NGC 2682, NGC 6791, and NGC 6819",2024,7,Astronomy and Astrophysics,687,A101,8,2,14,astrometry; Galaxy: disk; open clusters and associations: general; Astrophysics - Astrophysics of Galaxies; Astrophysics - Solar and Stellar Astrophysics,10.1051/0004-6361/202348220,arXiv:2404.12523,https://ui.adsabs.harvard.edu/abs/2024A&A...687A.101A
2024MNRAS.532.3669F,Broad absorption line quasars in the Dark Energy Spectroscopic Instrument Early Data Release,2024,8,Monthly Notices of the Royal Astronomical Society,532,3669,44,1,29,Astrophysics - Cosmology and Nongalactic Astrophysics,10.1093/mnras/stae1610,arXiv:2309.03434,https://ui.adsabs.harvard.edu/abs/2024MNRAS.532.3669F
2024MNRAS.532.2604Q,Using a new spectral disentangling approach to ascertain whether the massive binary HDE 228766 contains a Wolf-Rayet star,2024,8,Monthly Notices of the Royal Astronomical Society,532,2604,2,1,3,Astrophysics - Solar and Stellar Astrophysics,10.1093/mnras/stae1670,arXiv:2407.16816,https://ui.adsabs.harvard.edu/abs/2024MNRAS.532.2604Q
2024JCAP...08..059R,High redshift LBGs from deep broadband imaging for future spectroscopic surveys,2024,8,Journal of Cosmology and Astroparticle Physics,2024,059,63,1,14,galaxy clustering; high redshift galaxies; redshift surveys; galaxy surveys; Astrophysics - Cosmology and Nongalactic Astrophysics,10.1088/1475-7516/2024/08/059,arXiv:2404.03569,https://ui.adsabs.harvard.edu/abs/2024JCAP...08..059R
2024JCAP...08..020W,The clustering of Lyman Alpha Emitting galaxies at 𝗓=2─3,2024,8,Journal of Cosmology and Astroparticle Physics,2024,020,55,1,20,galaxy clustering; galaxy surveys; high redshift galaxies; redshift surveys; Astrophysics - Cosmology and Nongalactic Astrophysics,10.1088/1475-7516/2024/08/020,arXiv:2406.01803,https://ui.adsabs.harvard.edu/abs/2024JCAP...08..020W
2024ApJ...971..119W,"Measuring the Conditional Luminosity and Stellar Mass Functions of Galaxies by Combining the Dark Energy Spectroscopic Instrument Legacy Imaging Surveys Data Release 9, Survey Validation 3, and Year 1 Data",2024,8,The Astrophysical Journal,971,119,45,1,19,Dark matter; Large-scale structure of the universe; Galaxies; Galaxy groups; Galaxy dark matter halos; 353; 902; 573; 597; 1880; Astrophysics - Astrophysics of Galaxies,10.3847/1538-4357/ad5294,arXiv:2312.17459,https://ui.adsabs.harvard.edu/abs/2024ApJ...971..119W
2024ApJ...970L..34A,Observation of Gravitational Waves from the Coalescence of a 2.5─4.5 M <SUB>⊙</SUB> Compact Object and a Neutron Star,2024,8,The Astrophysical Journal Letters,970,L34,200,0,307,Gravitational wave astronomy; Gravitational wave detectors; Gravitational wave sources; Stellar mass black holes; Neutron stars; 675; 676; 677; 1611; 1108; Astrophysics - High Energy Astrophysical Phenomena; General Relativity and Quantum Cosmology,10.3847/2041-8213/ad5beb,arXiv:2404.04248,https://ui.adsabs.harvard.edu/abs/2024ApJ...970L..34A
2024A&A...688A..46M,AGNFITTER-RX: Modeling the radio-to-X-ray spectral energy distributions of AGNs,2024,8,Astronomy and Astrophysics,688,A46,12,1,18,methods: statistical; galaxies: active; galaxies: nuclei; quasars: general; Astrophysics - Astrophysics of Galaxies,10.1051/0004-6361/202449329,arXiv:2405.12111,https://ui.adsabs.harvard.edu/abs/2024A&A...688A..46M
2024Univ...10..350V,About Jordan and Einstein Frames: A Study in Inflationary Magnetogenesis,2024,9,Universe,10,350,3,3,7,scalar-tensor theories; Jordan and Einstein frames; megnetogenesis; General Relativity and Quantum Cosmology,10.3390/universe10090350,arXiv:2303.01301,https://ui.adsabs.harvard.edu/abs/2024Univ...10..350V
2024MNRAS.533.1012K,DESI Early Data Release Milky Way Survey value-added catalogue,2024,9,Monthly Notices of the Royal Astronomical Society,533,1012,43,1,47,Astrophysics of Galaxies; Instrumentation and Methods for Astrophysics,10.1093/mnras/stae1842,arXiv:2407.06280,https://ui.adsabs.harvard.edu/abs/2024MNRAS.533.1012K
2024MNRAS.533..589Y,Redshift evolution and covariances for joint lensing and clustering studies with DESI Y1,2024,9,Monthly Notices of the Royal Astronomical Society,533,589,51,1,11,Astrophysics - Cosmology and Nongalactic Astrophysics,10.1093/mnras/stae1792,arXiv:2403.00915,https://ui.adsabs.harvard.edu/abs/2024MNRAS.533..589Y
2024AJ....168..124A,Archetype-based Redshift Estimation for the Dark Energy Spectroscopic Instrument Survey,2024,9,The Astronomical Journal,168,124,49,1,44,Galaxy spectroscopy; Astronomical methods; Redshift surveys; Astronomy software; Astronomy data analysis; 2171; 1043; 1378; 1855; 1858; Astrophysics - Cosmology and Nongalactic Astrophysics; Astrophysics - Instrumentation and Methods for Astrophysics,10.3847/1538-3881/ad60c2,arXiv:2405.19288,https://ui.adsabs.harvard.edu/abs/2024AJ....168..124A
2024A&A...689A..93R,Photometric segregation of dwarf and giant FGK stars using the SVO Filter Profile Service and photometric tools,2024,9,Astronomy and Astrophysics,689,A93,21,1,53,methods: data analysis; techniques: photometric; astronomical databases: miscellaneous; virtual observatory tools; stars: fundamental parameters; stars: late-type; Solar and Stellar Astrophysics; Astrophysics of Galaxies,10.1051/0004-6361/202449998,arXiv:2406.03310,https://ui.adsabs.harvard.edu/abs/2024A&A...689A..93R
2024A&A...689A..18A,Exploring Galactic open clusters with Gaia: I. An examination in the first kiloparsec,2024,9,Astronomy and Astrophysics,689,A18,3,2,13,open clusters and associations: general; methods: data analysis; Galaxy: disk; Astrophysics - Astrophysics of Galaxies,10.1051/0004-6361/202450901,arXiv:2407.09407,https://ui.adsabs.harvard.edu/abs/2024A&A...689A..18A
2024RMxAA..60..367O,Preliminary Results From 5 Years' Spectral Monitoring of Antares,2024,10,Revista Mexicana de Astronomia y Astrofisica,60,367,2,2,1,stars: atmospheres; supergiant; techniques: imaging spectroscopy; techniques: radial velocities; Astrophysics - Solar and Stellar Astrophysics,10.22201/ia.01851101p.2024.60.02.14,arXiv:2501.10646,https://ui.adsabs.harvard.edu/abs/2024RMxAA..60..367O
2024MNRAS.534..544C,Baryon acoustic oscillation theory and modelling systematics for the DESI 2024 results,2024,10,Monthly Notices of the Royal Astronomical Society,534,544,60,1,66,Cosmology and Nongalactic Astrophysics,10.1093/mnras/stae2090,arXiv:2402.14070,https://ui.adsabs.harvard.edu/abs/2024MNRAS.534..544C
2024JCAP...10..089N,Catalog-level blinding on the bispectrum for DESI-like galaxy surveys,2024,10,Journal of Cosmology and Astroparticle Physics,2024,089,31,1,3,cosmological parameters from LSS; power spectrum; redshift surveys; Astrophysics - Cosmology and Nongalactic Astrophysics,10.1088/1475-7516/2024/10/089,arXiv:2407.12931,https://ui.adsabs.harvard.edu/abs/2024JCAP...10..089N
2024JCAP...10..048C,DESI 2024: reconstructing dark energy using crossing statistics with DESI DR1 BAO data,2024,10,Journal of Cosmology and Astroparticle Physics,2024,048,55,1,211,baryon acoustic oscillations; cosmological parameters from LSS; dark energy experiments; dark energy theory; Astrophysics - Cosmology and Nongalactic Astrophysics,10.1088/1475-7516/2024/10/048,arXiv:2405.04216,https://ui.adsabs.harvard.edu/abs/2024JCAP...10..048C
2024ApJ...973..132A,Search for Eccentric Black Hole Coalescences during the Third Observing Run of LIGO and Virgo,2024,10,The Astrophysical Journal,973,132,200,0,73,Gravitational wave astronomy; Eccentricity; Astrophysical black holes; 675; 441; 98; Astrophysics - High Energy Astrophysical Phenomena,10.3847/1538-4357/ad65ce,arXiv:2308.03822,https://ui.adsabs.harvard.edu/abs/2024ApJ...973..132A
2024AdSpR..74.3483S,Machine learning models for predicting geomagnetic storms across five solar cycles using Dst index and heliospheric variables,2024,10,Advances in Space Research,74,3483,6,6,10,Space weather; Machine learning; Statistical modeling; Geomagnetic storms; Data science,10.1016/j.asr.2024.08.031,,https://ui.adsabs.harvard.edu/abs/2024AdSpR..74.3483S
2024AJ....168..162M,OGLE-IV Period─Luminosity Relation of the LMC: An Analysis Using Mean and Median Magnitudes,2024,10,The Astronomical Journal,168,162,6,6,1,Cepheid variable stars; Large Magellanic Cloud; Astrostatistics; 218; 903; 1882; Astrophysics - Solar and Stellar Astrophysics; Astrophysics - Astrophysics of Galaxies,10.3847/1538-3881/ad6a12,arXiv:2408.01592,https://ui.adsabs.harvard.edu/abs/2024AJ....168..162M
2024Univ...10..426R,Probing the Dark Universe with Gravitational Waves,2024,11,Universe,10,426,1,1,1,gravitational waves; effective speed; gravitational luminosity distance,10.3390/universe10110426,,https://ui.adsabs.harvard.edu/abs/2024Univ...10..426R
2024MNRAS.535.1095C,The rate of extreme coronal line emitting galaxies in the Sloan Digital Sky Survey and their relation to tidal disruption events,2024,11,Monthly Notices of the Royal Astronomical Society,535,1095,30,1,13,Astrophysics - High Energy Astrophysical Phenomena; Astrophysics - Astrophysics of Galaxies,10.1093/mnras/stae2384,arXiv:2402.16951,https://ui.adsabs.harvard.edu/abs/2024MNRAS.535.1095C
2024MNRAS.535..254M,The DESI Early Data Release white dwarf catalogue,2024,11,Monthly Notices of the Royal Astronomical Society,535,254,54,1,30,Astrophysics - Solar and Stellar Astrophysics; Astrophysics - Earth and Planetary Astrophysics; Astrophysics - Astrophysics of Galaxies; Astrophysics - Instrumentation and Methods for Astrophysics,10.1093/mnras/stae2205,arXiv:2402.18641,https://ui.adsabs.harvard.edu/abs/2024MNRAS.535..254M
2024MNRAS.534.3540L,Detection of the large-scale tidal field with galaxy multiplet alignment in the DESI Y1 spectroscopic survey,2024,11,Monthly Notices of the Royal Astronomical Society,534,3540,39,1,17,Astrophysics - Cosmology and Nongalactic Astrophysics,10.1093/mnras/stae2290,arXiv:2408.11056,https://ui.adsabs.harvard.edu/abs/2024MNRAS.534.3540L
2024ApJ...976..143T,New Measurements of the Lyα Forest Continuum and Effective Optical Depth with LyCAN and DESI Y1 Data,2024,11,The Astrophysical Journal,976,143,45,1,26,Convolutional neural networks; Cosmology; Dark energy; Intergalactic medium; Large-scale structure of the universe; Lyman alpha forest; 1938; 343; 351; 813; 902; 980; Astrophysics - Cosmology and Nongalactic Astrophysics,10.3847/1538-4357/ad8239,arXiv:2405.06743,https://ui.adsabs.harvard.edu/abs/2024ApJ...976..143T
2024ApJ...976...48A,Large-scale Cosmic-ray Anisotropies with 19 yr of Data from the Pierre Auger Observatory,2024,11,The Astrophysical Journal,976,48,200,0,35,Ultra-high-energy cosmic radiation; 1733; Astrophysics - High Energy Astrophysical Phenomena,10.3847/1538-4357/ad843b,arXiv:2408.05292,https://ui.adsabs.harvard.edu/abs/2024ApJ...976...48A
2024A&A...691A.308S,Value-added catalog of physical properties for more than 1.3 million galaxies from the DESI survey,2024,11,Astronomy and Astrophysics,691,A308,53,1,48,catalogs; galaxies: active; galaxies: evolution; galaxies: general; galaxies: nuclei; galaxies: Seyfert; Astrophysics of Galaxies,10.1051/0004-6361/202451761,arXiv:2409.19066,https://ui.adsabs.harvard.edu/abs/2024A&A...691A.308S
2024A&A...691A..74S,The missing rings around Solar System moons,2024,11,Astronomy and Astrophysics,691,A74,6,1,3,methods: numerical; planets and satellites: dynamical evolution and stability; planets and satellites: rings; Astrophysics - Earth and Planetary Astrophysics,10.1051/0004-6361/202449453,arXiv:2408.10643,https://ui.adsabs.harvard.edu/abs/2024A&A...691A..74S
2024PDU....4601575O,Late-time anisotropy sourced by a 2-form field non-minimally coupled to cold dark matter,2024,12,Physics of the Dark Universe,46,101575,3,3,8,Late-time anisotropy; Interacting dark energy-dark matter; p-forms; General Relativity and Quantum Cosmology,10.1016/j.dark.2024.101575,arXiv:2202.07546,https://ui.adsabs.harvard.edu/abs/2024PDU....4601575O
2024MNRAS.535.2341S,The atomic gas sequence and mass-metallicity relation from dwarfs to massive galaxies,2024,12,Monthly Notices of the Royal Astronomical Society,535,2341,47,1,27,Astrophysics - Astrophysics of Galaxies,10.1093/mnras/stae2477,arXiv:2408.03996,https://ui.adsabs.harvard.edu/abs/2024MNRAS.535.2341S
2024JCAP...12..022K,The Atacama Cosmology Telescope DR6 and DESI: structure formation over cosmic time with a measurement of the cross-correlation of CMB lensing and luminous red galaxies,2024,12,Journal of Cosmology and Astroparticle Physics,2024,022,73,1,46,cosmological parameters from LSS; gravitational lensing; power spectrum; redshift surveys; Cosmology and Nongalactic Astrophysics,10.1088/1475-7516/2024/12/022,arXiv:2407.04606,https://ui.adsabs.harvard.edu/abs/2024JCAP...12..022K
2024ApJS..275...22S,"The MOST Hosts Survey: Spectroscopic Observation of the Host Galaxies of ∼40,000 Transients Using DESI",2024,12,The Astrophysical Journal Supplement Series,275,22,57,1,22,Transient sources; Surveys; Sky surveys; Redshift surveys; Galaxy spectroscopy; 1851; 1671; 1464; 1378; 2171; Astrophysics - High Energy Astrophysical Phenomena; Astrophysics - Cosmology and Nongalactic Astrophysics,10.3847/1538-4365/ad76ae,arXiv:2405.03857,https://ui.adsabs.harvard.edu/abs/2024ApJS..275...22S
2024ApJ...977..255A,A Search Using GEO600 for Gravitational Waves Coincident with Fast Radio Bursts from SGR 1935+2154,2024,12,The Astrophysical Journal,977,255,200,0,8,Gravitational waves; Soft gamma-ray repeaters; Magnetars; Radio transient sources; X-ray sources; Gravitational wave sources; 678; 1471; 992; 2008; 1822; 677; High Energy Astrophysical Phenomena,10.3847/1538-4357/ad8de0,arXiv:2410.09151,https://ui.adsabs.harvard.edu/abs/2024ApJ...977..255A
2024ApJ...977..225L,DESI Emission-line Galaxies: Unveiling the Diversity of [O II] Profiles and Its Links to Star Formation and Morphology,2024,12,The Astrophysical Journal,977,225,37,1,5,Galaxy spectroscopy; Emission line galaxies; Principal component analysis; Galaxy mergers; 2171; 459; 1944; 608; Astrophysics - Astrophysics of Galaxies,10.3847/1538-4357/ad8f33,arXiv:2410.07601,https://ui.adsabs.harvard.edu/abs/2024ApJ...977..225L
2024AJ....168..263S,Correcting Turbulence-induced Errors in Fiber Positioning for the Dark Energy Spectroscopic Instrument,2024,12,The Astronomical Journal,168,263,41,1,0,Spectroscopy; Experimental techniques; 1558; 2078; Astrophysics - Instrumentation and Methods for Astrophysics,10.3847/1538-3881/ad7e12,arXiv:2407.08026,https://ui.adsabs.harvard.edu/abs/2024AJ....168..263S
2024AJ....168..245P,Overview of the Fiber System for the Dark Energy Spectroscopic Instrument,2024,12,The Astronomical Journal,168,245,69,1,138,Cosmological evolution; Astronomical instrumentation; Galaxy spectroscopy; 336; 799; 2171,10.3847/1538-3881/ad76a4,,https://ui.adsabs.harvard.edu/abs/2024AJ....168..245P
2025RASTI...4...32F,Cosmic web classification through stochastic topological ranking,2025,1,RAS Techniques and Instruments,4,rzaf032,4,3,2,Software; Data Methods; Algorithms; large-scale structure of Universe; Cosmology and Nongalactic Astrophysics,10.1093/rasti/rzaf032,arXiv:2404.01124,https://ui.adsabs.harvard.edu/abs/2025RASTI...4...32F
2025PASA...42...14C,Gas dynamics in the central molecular zone and its connection with the galactic bar,2025,1,Publications of the Astronomical Society of Australia,42,e014,3,0,4,Hydrodynamics; Galaxy; star formation; Galaxy: Bar; Galaxy: bulge; Galaxy: centre; Galaxy: kinematics and dynamics; Astrophysics - Astrophysics of Galaxies,10.1017/pasa.2024.130,arXiv:2411.05684,https://ui.adsabs.harvard.edu/abs/2025PASA...42...14C
2025JCAP...01..148C,Validation of the DESI 2024 Lyα forest BAO analysis using synthetic datasets,2025,1,Journal of Cosmology and Astroparticle Physics,2025,148,59,1,16,baryon acoustic oscillations; Lyman alpha forest; dark energy experiments; Cosmology and Nongalactic Astrophysics,10.1088/1475-7516/2025/01/148,arXiv:2404.03004,https://ui.adsabs.harvard.edu/abs/2025JCAP...01..148C
2025JCAP...01..147K,Impact and mitigation of spectroscopic systematics on DESI DR1 clustering measurements,2025,1,Journal of Cosmology and Astroparticle Physics,2025,147,44,1,27,redshift surveys; cosmological parameters from LSS; power spectrum; Astrophysics - Cosmology and Nongalactic Astrophysics,10.1088/1475-7516/2025/01/147,arXiv:2405.17208,https://ui.adsabs.harvard.edu/abs/2025JCAP...01..147K
2025JCAP...01..146K,Forward modeling fluctuations in the DESI LRGs target sample using image simulations,2025,1,Journal of Cosmology and Astroparticle Physics,2025,146,53,1,15,cosmological parameters from LSS; cosmological simulations; Statistical sampling techniques; Astrophysics - Cosmology and Nongalactic Astrophysics,10.1088/1475-7516/2025/01/146,arXiv:2405.16299,https://ui.adsabs.harvard.edu/abs/2025JCAP...01..146K
2025JCAP...01..143D,Suppressing the sample variance of DESI-like galaxy clustering with fast simulations,2025,1,Journal of Cosmology and Astroparticle Physics,2025,143,47,1,4,baryon acoustic oscillations; cosmological simulations; galaxy clustering; Astrophysics - Cosmology and Nongalactic Astrophysics,10.1088/1475-7516/2025/01/143,arXiv:2404.03117,https://ui.adsabs.harvard.edu/abs/2025JCAP...01..143D
2025JCAP...01..142P,Optimal reconstruction of baryon acoustic oscillations for DESI 2024,2025,1,Journal of Cosmology and Astroparticle Physics,2025,142,76,1,38,baryon acoustic oscillations; cosmological parameters from LSS; redshift surveys; Cosmology and Nongalactic Astrophysics,10.1088/1475-7516/2025/01/142,arXiv:2404.03005,https://ui.adsabs.harvard.edu/abs/2025JCAP...01..142P
2025JCAP...01..141H,Synthetic spectra for Lyman-α forest analysis in the Dark Energy Spectroscopic Instrument,2025,1,Journal of Cosmology and Astroparticle Physics,2025,141,54,2,30,baryon acoustic oscillations; cosmological simulations; Lyman alpha forest; redshift surveys; Astrophysics - Cosmology and Nongalactic Astrophysics,10.1088/1475-7516/2025/01/141,arXiv:2401.00303,https://ui.adsabs.harvard.edu/abs/2025JCAP...01..141H
2025JCAP...01..140G,Characterization of contaminants in the Lyman-alpha forest auto-correlation with DESI,2025,1,Journal of Cosmology and Astroparticle Physics,2025,140,64,1,15,baryon acoustic oscillations; dark energy experiments; Lyman alpha forest; redshift surveys; Cosmology and Nongalactic Astrophysics,10.1088/1475-7516/2025/01/140,arXiv:2404.03003,https://ui.adsabs.harvard.edu/abs/2025JCAP...01..140G
2025JCAP...01..139L,A comparison between ShapeFit compression and Full-Modelling method with PyBird for DESI 2024 and beyond,2025,1,Journal of Cosmology and Astroparticle Physics,2025,139,43,1,26,cosmological parameters from LSS; power spectrum; redshift surveys; Cosmology and Nongalactic Astrophysics,10.1088/1475-7516/2025/01/139,arXiv:2404.07283,https://ui.adsabs.harvard.edu/abs/2025JCAP...01..139L
2025JCAP...01..138M,An analysis of parameter compression and Full-Modeling techniques with Velocileptors for DESI 2024 and beyond,2025,1,Journal of Cosmology and Astroparticle Physics,2025,138,55,1,61,cosmological parameters from LSS; power spectrum; baryon acoustic oscillations; redshift surveys; Astrophysics - Cosmology and Nongalactic Astrophysics,10.1088/1475-7516/2025/01/138,arXiv:2404.07312,https://ui.adsabs.harvard.edu/abs/2025JCAP...01..138M
2025JCAP...01..137M,Validation of the DESI 2024 Lyman alpha forest BAL masking strategy,2025,1,Journal of Cosmology and Astroparticle Physics,2025,137,47,1,10,baryon acoustic oscillations; dark energy experiments; Lyman alpha forest; Astrophysics - Cosmology and Nongalactic Astrophysics,10.1088/1475-7516/2025/01/137,arXiv:2405.09737,https://ui.adsabs.harvard.edu/abs/2025JCAP...01..137M
2025JCAP...01..136N,Comparing Compressed and Full-Modeling analyses with FOLPS: implications for DESI 2024 and beyond,2025,1,Journal of Cosmology and Astroparticle Physics,2025,136,54,1,31,galaxy clusters; power spectrum; Astrophysics - Cosmology and Nongalactic Astrophysics,10.1088/1475-7516/2025/01/136,arXiv:2404.07269,https://ui.adsabs.harvard.edu/abs/2025JCAP...01..136N
2025JCAP...01..134M,A comparison of effective field theory models of redshift space galaxy power spectra for DESI 2024 and future surveys,2025,1,Journal of Cosmology and Astroparticle Physics,2025,134,57,1,48,cosmological parameters from LSS; power spectrum; redshift surveys; Astrophysics - Cosmology and Nongalactic Astrophysics,10.1088/1475-7516/2025/01/134,arXiv:2404.07272,https://ui.adsabs.harvard.edu/abs/2025JCAP...01..134M
2025JCAP...01..133M,HOD-dependent systematics for luminous red galaxies in the DESI 2024 BAO analysis,2025,1,Journal of Cosmology and Astroparticle Physics,2025,133,75,1,21,baryon acoustic oscillations; galaxy clustering; galaxy surveys; Cosmology and Nongalactic Astrophysics,10.1088/1475-7516/2025/01/133,arXiv:2404.03008,https://ui.adsabs.harvard.edu/abs/2025JCAP...01..133M
2025JCAP...01..132G,HOD-dependent systematics in Emission Line Galaxies for the DESI 2024 BAO analysis,2025,1,Journal of Cosmology and Astroparticle Physics,2025,132,76,1,26,baryon acoustic oscillations; galaxy clustering; Cosmology and Nongalactic Astrophysics,10.1088/1475-7516/2025/01/132,arXiv:2404.03009,https://ui.adsabs.harvard.edu/abs/2025JCAP...01..132G
2025JCAP...01..131P,Mitigation of DESI fiber assignment incompleteness effect on two-point clustering with small angular scale truncated estimators,2025,1,Journal of Cosmology and Astroparticle Physics,2025,131,53,1,35,power spectrum; cosmological parameters from LSS; redshift surveys; Astrophysics - Cosmology and Nongalactic Astrophysics,10.1088/1475-7516/2025/01/131,arXiv:2406.04804,https://ui.adsabs.harvard.edu/abs/2025JCAP...01..131P
2025JCAP...01..130B,Impact of systematic redshift errors on the cross-correlation of the Lyman-α forest with quasars at small scales using DESI Early Data,2025,1,Journal of Cosmology and Astroparticle Physics,2025,130,62,1,22,Lyman alpha forest; redshift surveys; dark energy experiments; Astrophysics - Cosmology and Nongalactic Astrophysics,10.1088/1475-7516/2025/01/130,arXiv:2402.18009,https://ui.adsabs.harvard.edu/abs/2025JCAP...01..130B
2025JCAP...01..129R,Full Modeling and parameter compression methods in configuration space for DESI 2024 and beyond,2025,1,Journal of Cosmology and Astroparticle Physics,2025,129,52,1,19,dark energy experiments; galaxy clustering; Astrophysics - Cosmology and Nongalactic Astrophysics,10.1088/1475-7516/2025/01/129,arXiv:2404.07268,https://ui.adsabs.harvard.edu/abs/2025JCAP...01..129R
2025JCAP...01..128A,Validating the galaxy and quasar catalog-level blinding scheme for the DESI 2024 analysis,2025,1,Journal of Cosmology and Astroparticle Physics,2025,128,65,1,19,redshift surveys; baryon acoustic oscillations; power spectrum; cosmological parameters from LSS; Cosmology and Nongalactic Astrophysics,10.1088/1475-7516/2025/01/128,arXiv:2404.07282,https://ui.adsabs.harvard.edu/abs/2025JCAP...01..128A
2025JCAP...01..127L,Production of alternate realizations of DESI fiber assignment for unbiased clustering measurement in data and simulations,2025,1,Journal of Cosmology and Astroparticle Physics,2025,127,56,1,34,galaxy surveys; galaxy clustering; cosmological simulations; dark matter simulations; Astrophysics - Cosmology and Nongalactic Astrophysics; Astrophysics - Instrumentation and Methods for Astrophysics,10.1088/1475-7516/2025/01/127,arXiv:2404.03006,https://ui.adsabs.harvard.edu/abs/2025JCAP...01..127L
2025JCAP...01..126Y,ELG spectroscopic systematics analysis of the DESI Data Release 1,2025,1,Journal of Cosmology and Astroparticle Physics,2025,126,61,1,21,cosmological parameters from LSS; galaxy clustering; galaxy surveys; redshift surveys; Cosmology and Nongalactic Astrophysics,10.1088/1475-7516/2025/01/126,arXiv:2405.16657,https://ui.adsabs.harvard.edu/abs/2025JCAP...01..126Y
2025JCAP...01..125R,The construction of large-scale structure catalogs for the Dark Energy Spectroscopic Instrument,2025,1,Journal of Cosmology and Astroparticle Physics,2025,125,86,1,56,redshift surveys; power spectrum; Astrophysics - Cosmology and Nongalactic Astrophysics,10.1088/1475-7516/2025/01/125,arXiv:2405.16593,https://ui.adsabs.harvard.edu/abs/2025JCAP...01..125R
2025JCAP...01..124A,DESI 2024 IV: Baryon Acoustic Oscillations from the Lyman alpha forest,2025,1,Journal of Cosmology and Astroparticle Physics,2025,124,199,1,380,baryon acoustic oscillations; cosmological parameters from LSS; Lyman alpha forest; redshift surveys; Astrophysics - Cosmology and Nongalactic Astrophysics,10.1088/1475-7516/2025/01/124,arXiv:2404.03001,https://ui.adsabs.harvard.edu/abs/2025JCAP...01..124A
2025AdSpR..75.1330S,Revised cross-correlation and time-lag between cosmic ray intensity and solar activity using Chatterjee's correlation coefficient,2025,1,Advances in Space Research,75,1330,1,1,1,Cosmic rays; Solar activity; Cross-correlation; Chatterjee's correlation; Pearson correlation; Space weather,10.1016/j.asr.2024.10.065,,https://ui.adsabs.harvard.edu/abs/2025AdSpR..75.1330S
2025A&A...693A.310V,A general polarimetric model for transiting and nontransiting ringed exoplanets,2025,1,Astronomy and Astrophysics,693,A310,5,1,4,polarization; methods: numerical; planets and satellites: rings; Astrophysics - Earth and Planetary Astrophysics; Astrophysics - Instrumentation and Methods for Astrophysics,10.1051/0004-6361/202347194,arXiv:2404.16606,https://ui.adsabs.harvard.edu/abs/2025A&A...693A.310V
2025Univ...11...79Q,Quasi-Homogeneous Black Hole Thermodynamics in Non-Commutative Geometry,2025,2,Universe,11,79,2,1,4,non-commutative geometry; black holes; geometrothermodynamics; phase transitions,10.3390/universe11030079,,https://ui.adsabs.harvard.edu/abs/2025Univ...11...79Q
2025SpPol..7101655R,Advancements of the Colombian Air Force space program,2025,2,Space Policy,71,101655,4,3,0,Space program; Emerging countries; CubeSats; Colombia into space; AIT; Assembly; Integration &amp; Testing; CCE; Colombian Space Commission; CITAE; Aerospace Technologies Research Center; CONPES; National Council for Economic and Social Policy.; FAC; Colombian Air Force; MinCiencias; Ministry of science technology and innovation; MinDefensa; Ministry of Defense.; MinTic; Ministry of technology and communications.; ToK; Transfer of Knowledge,10.1016/j.spacepol.2024.101655,,https://ui.adsabs.harvard.edu/abs/2025SpPol..7101655R
2025JCAP...02..045K,"Measuring σ <SUB>8</SUB> using DESI Legacy Imaging Surveys Emission-Line galaxies and Planck CMB lensing, and the impact of dust on parameter inference",2025,2,Journal of Cosmology and Astroparticle Physics,2025,045,42,1,25,cosmological parameters from LSS; redshift surveys; gravitational lensing; weak gravitational lensing; Astrophysics - Cosmology and Nongalactic Astrophysics,10.1088/1475-7516/2025/02/045,arXiv:2408.15909,https://ui.adsabs.harvard.edu/abs/2025JCAP...02..045K
2025JCAP...02..021A,DESI 2024 VI: cosmological constraints from the measurements of baryon acoustic oscillations,2025,2,Journal of Cosmology and Astroparticle Physics,2025,021,200,1,1766,baryon acoustic oscillations; cosmological parameters from LSS; dark energy experiments; neutrino masses from cosmology; Cosmology and Nongalactic Astrophysics,10.1088/1475-7516/2025/02/021,arXiv:2404.03002,https://ui.adsabs.harvard.edu/abs/2025JCAP...02..021A
2025GReGr..57...41G,Non-static axisymmetric structures embedded in an asymptotically ΛCDM universe: Non-static axisymmetric structures embedded...,2025,2,General Relativity and Gravitation,57,41,1,1,0,General relativity; Non-static axisymmetric spacetimes; Λ$$\Lambda $$CDM cosmology,10.1007/s10714-025-03359-4,,https://ui.adsabs.harvard.edu/abs/2025GReGr..57...41G
2025ApJ...980..207R,Swift-BAT GUANO Follow-up of Gravitational-wave Triggers in the Third LIGO─Virgo─KAGRA Observing Run,2025,2,The Astrophysical Journal,980,207,200,0,7,Gamma-ray bursts; Gravitational waves; Transient detection; 629; 678; 1957; High Energy Astrophysical Phenomena; General Relativity and Quantum Cosmology,10.3847/1538-4357/ad9749,arXiv:2407.12867,https://ui.adsabs.harvard.edu/abs/2025ApJ...980..207R
2025ApJ...980...71V,GD-1 Stellar Stream and Cocoon in the DESI Early Data Release,2025,2,The Astrophysical Journal,980,71,54,1,29,Atomic spectroscopy; Spectroscopy; Milky Way dark matter halo; Dark matter; Stellar streams; Milky Way dynamics; Milky Way stellar halo; 2099; 1558; 1049; 353; 2166; 1051; 1060; Astrophysics - Astrophysics of Galaxies,10.3847/1538-4357/ada690,arXiv:2407.06336,https://ui.adsabs.harvard.edu/abs/2025ApJ...980...71V
2025A&A...694A.187C,ForestFlow: predicting the Lyman-α forest clustering from linear to nonlinear scales,2025,2,Astronomy and Astrophysics,694,A187,34,1,4,cosmological parameters; cosmology: theory; large-scale structure of Universe; Astrophysics - Cosmology and Nongalactic Astrophysics,10.1051/0004-6361/202452039,arXiv:2409.05682,https://ui.adsabs.harvard.edu/abs/2025A&A...694A.187C
2025A&A...694A.146T,Candidate strongly lensed type Ia supernovae in the Zwicky Transient Facility archive,2025,2,Astronomy and Astrophysics,694,A146,64,1,6,gravitational lensing: strong; methods: observational; techniques: photometric; supernovae: general; Astrophysics - High Energy Astrophysical Phenomena; Astrophysics - Cosmology and Nongalactic Astrophysics,10.1051/0004-6361/202451082,arXiv:2405.18589,https://ui.adsabs.harvard.edu/abs/2025A&A...694A.146T
2025A&A...694A..20A,Pattern finding in millimetre-wave spectra of massive young stellar objects,2025,2,Astronomy and Astrophysics,694,A20,7,1,2,astrochemistry; methods: data analysis; stars: formation; stars: protostars; ISM: clouds; radio lines: stars; Astrophysics - Astrophysics of Galaxies; Astrophysics - Solar and Stellar Astrophysics,10.1051/0004-6361/202452063,arXiv:2412.19934,https://ui.adsabs.harvard.edu/abs/2025A&A...694A..20A
2025MNRAS.538..312C,Exploring the link between galaxy assembly and dark matter halo assembly in IllustrisTNG: insights from the Mutual Information,2025,3,Monthly Notices of the Royal Astronomical Society,538,312,2,2,3,Astrophysics - Astrophysics of Galaxies; Astrophysics - Cosmology and Nongalactic Astrophysics,10.1093/mnras/staf272,arXiv:2502.06077,https://ui.adsabs.harvard.edu/abs/2025MNRAS.538..312C
2025ApJ...982...38R,DESIVAST: Catalogs of Low-redshift Voids Using Data from the DESI Data Release 1 Bright Galaxy Survey,2025,3,The Astrophysical Journal,982,38,40,1,10,Observational cosmology; Voids; Redshift surveys; 1146; 1779; 1378; Astrophysics - Cosmology and Nongalactic Astrophysics,10.3847/1538-4357/adb559,arXiv:2411.00148,https://ui.adsabs.harvard.edu/abs/2025ApJ...982...38R
2025ApJ...982...10P,Tripling the Census of Dwarf AGN Candidates Using DESI Early Data,2025,3,The Astrophysical Journal,982,10,49,1,46,AGN host galaxies; Intermediate-mass black holes; Dwarf galaxies; 2017; 816; 416; Astrophysics - Astrophysics of Galaxies,10.3847/1538-4357/adb1dd,arXiv:2411.00091,https://ui.adsabs.harvard.edu/abs/2025ApJ...982...10P
2025ApJ...981L..27G,Measuring the Mean Free Path of H I Ionizing Photons at 3.2 ≤ z ≤ 4.6 with DESI Y1 Quasars,2025,3,The Astrophysical Journal Letters,981,L27,34,1,3,Intergalactic medium; Quasar absorption line spectroscopy; Reionization; Observational cosmology; 813; 1317; 1383; 1146; Astrophysics - Cosmology and Nongalactic Astrophysics; Astrophysics - Astrophysics of Galaxies,10.3847/2041-8213/adb48f,arXiv:2411.15838,https://ui.adsabs.harvard.edu/abs/2025ApJ...981L..27G
2025ApJ...981L...8G,The First Identification of Lyα Changing-look Quasars at High Redshift in DESI,2025,3,The Astrophysical Journal Letters,981,L8,41,1,8,Accretion; Active galaxies; Supermassive black holes; Quasars; 14; 17; 1663; 1319; Astrophysics - Astrophysics of Galaxies,10.3847/2041-8213/adb426,arXiv:2411.01949,https://ui.adsabs.harvard.edu/abs/2025ApJ...981L...8G
2025AJ....169..157J,Identifying Missing Quasars from the DESI Bright Galaxy Survey,2025,3,The Astronomical Journal,169,157,62,1,17,Active galactic nuclei; Active galaxies; Quasars; Blazars; Spectroscopy; Redshift surveys; Seyfert galaxies; 16; 17; 1319; 164; 1558; 1378; 1447; Astrophysics - Astrophysics of Galaxies; Astrophysics - High Energy Astrophysical Phenomena,10.3847/1538-3881/adabc9,arXiv:2404.03621,https://ui.adsabs.harvard.edu/abs/2025AJ....169..157J
2025A&A...695A..54S,Studying baryon acoustic oscillations using photometric redshifts from the DESI Legacy Imaging survey DR9,2025,3,Astronomy and Astrophysics,695,A54,44,1,2,techniques: photometric; cosmology: observations; dark energy; distance scale; large-scale structure of Universe; Astrophysics - Cosmology and Nongalactic Astrophysics,10.1051/0004-6361/202452007,arXiv:2501.10759,https://ui.adsabs.harvard.edu/abs/2025A&A...695A..54S
2025RMxAA..61a.123U,A First Quantitative Characterization of Colombian Night Sky Through All-Sky Photometry,2025,4,Revista Mexicana de Astronomia y Astrofisica,61,123,5,2,0,instrumentation: detectors; light pollution; methods: observational; software: data analysis; techniques: photometric; Astrophysics - Instrumentation and Methods for Astrophysics,10.22201/ia.01851101p.2025.61.01.10,arXiv:2503.04937,https://ui.adsabs.harvard.edu/abs/2025RMxAA..61a.123U
2025PASP..137d4204M,Tracking Evolution of Circumstellar Disks of Classical Be Stars Using Infrared L-band and H<SUB>α</SUB> Spectral Emissions,2025,4,Publications of the Astronomical Society of the Pacific,137,044204,5,3,0,Be stars; Circumstellar disks; Spectroscopy; Emission line stars; Infrared astronomy; H-alpha stars; 142; 235; 1558; 460; 786; 689,10.1088/1538-3873/adc039,,https://ui.adsabs.harvard.edu/abs/2025PASP..137d4204M
2025MNRAS.538.1980W,Constraining the phase shift of relativistic species in DESI BAOs,2025,4,Monthly Notices of the Royal Astronomical Society,538,1980,39,1,10,Astrophysics - Cosmology and Nongalactic Astrophysics,10.1093/mnras/staf394,arXiv:2412.05990,https://ui.adsabs.harvard.edu/abs/2025MNRAS.538.1980W
2025MNRAS.538.1216Y,Unraveling emission line galaxy conformity at z ~ 1 with DESI early data,2025,4,Monthly Notices of the Royal Astronomical Society,538,1216,35,1,35,Astrophysics - Cosmology and Nongalactic Astrophysics; Astrophysics - Astrophysics of Galaxies,10.1093/mnras/staf368,arXiv:2310.09329,https://ui.adsabs.harvard.edu/abs/2025MNRAS.538.1216Y
2025JCAP...04..074B,Characterization of DESI fiber assignment incompleteness effect on 2-point clustering and mitigation methods for DR1 analysis,2025,4,Journal of Cosmology and Astroparticle Physics,2025,074,55,1,27,galaxy clustering; redshift surveys; power spectrum; cosmological simulations; Cosmology and Nongalactic Astrophysics,10.1088/1475-7516/2025/04/074,arXiv:2411.12025,https://ui.adsabs.harvard.edu/abs/2025JCAP...04..074B
2025JCAP...04..051O,Horndeski in motion,2025,4,Journal of Cosmology and Astroparticle Physics,2025,051,2,1,2,cosmological parameters from CMBR; dark energy theory; Gauss-Bonnet-Lovelock-Horndeski-Palatini etc gravity theories; Cosmology and Nongalactic Astrophysics; General Relativity and Quantum Cosmology,10.1088/1475-7516/2025/04/051,arXiv:2412.12018,https://ui.adsabs.harvard.edu/abs/2025JCAP...04..051O
2025JCAP...04..012A,DESI 2024 III: baryon acoustic oscillations from galaxies and quasars,2025,4,Journal of Cosmology and Astroparticle Physics,2025,012,198,1,544,baryon acoustic oscillations; cosmological parameters from LSS; power spectrum; Cosmology and Nongalactic Astrophysics,10.1088/1475-7516/2025/04/012,arXiv:2404.03000,https://ui.adsabs.harvard.edu/abs/2025JCAP...04..012A
2025ApJ...983..186W,Tracing the Evolution of the Cool Gas in CGM and IGM Environments through Mg II Absorption from Redshift z = 0.75 to z = 1.65 Using DESI-Y1 Data,2025,4,The Astrophysical Journal,983,186,38,1,16,Metal line absorbers; Quasar absorption line spectroscopy; Intergalactic medium; Circumgalactic medium; Galaxy evolution; 1032; 1317; 813; 1879; 594; Astrophysics - Astrophysics of Galaxies,10.3847/1538-4357/adb28a,arXiv:2407.17809,https://ui.adsabs.harvard.edu/abs/2025ApJ...983..186W
2025ApJ...983...99A,Search for Continuous Gravitational Waves from Known Pulsars in the First Part of the Fourth LIGO-Virgo-KAGRA Observing Run,2025,4,The Astrophysical Journal,983,99,200,0,42,Gravitational waves; Pulsars; Neutron stars; LIGO; 678; 1306; 1108; 920; High Energy Astrophysical Phenomena,10.3847/1538-4357/adb3a0,arXiv:2501.01495,https://ui.adsabs.harvard.edu/abs/2025ApJ...983...99A
2025ApJ...982..165M,The Gaia Parallax Discrepancy for the Cluster Pismis 19 and Separating δ Scutis from Cepheids,2025,4,The Astrophysical Journal,982,165,13,0,2,Variable stars; Star clusters; 1761; 1567; Astrophysics - Solar and Stellar Astrophysics; Astrophysics - Astrophysics of Galaxies,10.3847/1538-4357/adb9e4,arXiv:2502.06930,https://ui.adsabs.harvard.edu/abs/2025ApJ...982..165M
2025A&A...696A.240M,Galaxy evolution in compact groups: II. Witnessing the influence of major structures in their evolution,2025,4,Astronomy and Astrophysics,696,A240,18,1,8,galaxies: evolution; galaxies: groups: general; galaxies: interactions; Astrophysics of Galaxies,10.1051/0004-6361/202451198,arXiv:2406.14671,https://ui.adsabs.harvard.edu/abs/2025A&A...696A.240M
2025A&A...696A.154H,CAPOS: The bulge Cluster APOgee Survey: V. Elemental abundances of the bulge globular cluster HP 1,2025,4,Astronomy and Astrophysics,696,A154,4,1,9,techniques: spectroscopic; surveys; stars: abundances; Galaxy: bulge; globular clusters: individual: HP 1; Astrophysics of Galaxies,10.1051/0004-6361/202451793,arXiv:2503.03836,https://ui.adsabs.harvard.edu/abs/2025A&A...696A.154H
2025hsa..conf..205C,FGK and M dwarfs/giants photometric segregation using ML and SVO photometric tools,2025,5,Highlights of Spanish Astrophysics XII,,205,12,1,0,,,,https://ui.adsabs.harvard.edu/abs/2025hsa..conf..205C
2025hsa..conf..162A,Estimating stellar parameters from photometry using ML techniques,2025,5,Highlights of Spanish Astrophysics XII,,162,3,1,0,,,,https://ui.adsabs.harvard.edu/abs/2025hsa..conf..162A
2025hsa..conf...52O,RECA Education: An initiative to bring astronomy to Colombian schools,2025,5,Highlights of Spanish Astrophysics XII,,52,9,4,0,,,,https://ui.adsabs.harvard.edu/abs/2025hsa..conf...52O
2025MNRAS.539.1528D,Machine-assisted classification of potential biosignatures in Earth-like exoplanets using low signal-to-noise ratio transmission spectra,2025,5,Monthly Notices of the Royal Astronomical Society,539,1528,3,3,5,astrobiology; techniques: spectroscopic; software: machine learning; exoplanets; planets and satellites: atmospheres; planets and satellites: terrestrial planets; Earth and Planetary Astrophysics; Instrumentation and Methods for Astrophysics,10.1093/mnras/staf563,arXiv:2407.19167,https://ui.adsabs.harvard.edu/abs/2025MNRAS.539.1528D
2025MNRAS.539..231C,The rate of extreme coronal line emitters in the Baryon Oscillation Spectroscopic Survey LOWZ sample,2025,5,Monthly Notices of the Royal Astronomical Society,539,231,33,1,4,High Energy Astrophysical Phenomena; Astrophysics of Galaxies,10.1093/mnras/staf496,arXiv:2501.14022,https://ui.adsabs.harvard.edu/abs/2025MNRAS.539..231C
2025JCAP...05..061A,Search for a diffuse flux of photons with energies above tens of PeV at the Pierre Auger Observatory,2025,5,Journal of Cosmology and Astroparticle Physics,2025,061,200,0,9,ultra high energy cosmic rays; cosmic rays detectors; High Energy Astrophysical Phenomena,10.1088/1475-7516/2025/05/061,arXiv:2502.02381,https://ui.adsabs.harvard.edu/abs/2025JCAP...05..061A
2025JCAP...05..031P,Selection of high-redshift Lyman-Break Galaxies from broadband and wide photometric surveys,2025,5,Journal of Cosmology and Astroparticle Physics,2025,031,48,1,8,galaxy surveys; high redshift galaxies; redshift surveys; cosmological parameters from LSS; Cosmology and Nongalactic Astrophysics,10.1088/1475-7516/2025/05/031,arXiv:2410.08062,https://ui.adsabs.harvard.edu/abs/2025JCAP...05..031P
2025ApJ...984..123A,The Distribution of Ultrahigh-energy Cosmic Rays along the Supergalactic Plane Measured at the Pierre Auger Observatory,2025,5,The Astrophysical Journal,984,123,200,0,18,Cosmic rays; Ultra-high-energy cosmic radiation; Cosmic anisotropy; 329; 1733; 316; High Energy Astrophysical Phenomena,10.3847/1538-4357/adbdc5,arXiv:2407.06874,https://ui.adsabs.harvard.edu/abs/2025ApJ...984..123A
2025MNRAS.540.1635X,PAC in DESI. I. Galaxy stellar mass function into the 10<SUP>6</SUP> M<SUB>⊙</SUB> frontier,2025,6,Monthly Notices of the Royal Astronomical Society,540,1635,37,1,12,methods: data analysis; galaxies: abundances; galaxies: dwarf; Astrophysics of Galaxies; Cosmology and Nongalactic Astrophysics,10.1093/mnras/staf782,arXiv:2503.01948,https://ui.adsabs.harvard.edu/abs/2025MNRAS.540.1635X
2025MNRAS.540..264K,Nearby stellar substructures in the Galactic halo from DESI Milky Way Survey Year 1 Data Release,2025,6,Monthly Notices of the Royal Astronomical Society,540,264,44,1,9,surveys; stars: abundances; Galaxy: halo; Galaxy: kinematics and dynamics; (Galaxy:) solar neighbourhood; Astrophysics of Galaxies,10.1093/mnras/staf705,arXiv:2504.20327,https://ui.adsabs.harvard.edu/abs/2025MNRAS.540..264K
2025MNRAS.539.3778Q,Photodissociation of ethanolamine in interstellar clouds driven by UV and soft X-ray irradiation,2025,6,Monthly Notices of the Royal Astronomical Society,539,3778,9,4,0,astrochemistry; molecular processes; radiation mechanisms: general; methods: laboratory: molecular; ISM: clouds; ISM: molecules,10.1093/mnras/staf595,,https://ui.adsabs.harvard.edu/abs/2025MNRAS.539.3778Q
2025MNRAS.539.3627S,DESI peculiar velocity survey ─ Fundamental Plane,2025,6,Monthly Notices of the Royal Astronomical Society,539,3627,55,1,65,galaxies: distances and redshifts; cosmological parameters; large-scale structure of Universe; cosmology: observations; Cosmology and Nongalactic Astrophysics; Astrophysics of Galaxies,10.1093/mnras/staf700,arXiv:2408.13842,https://ui.adsabs.harvard.edu/abs/2025MNRAS.539.3627S
2025JCAP...06..029C,Constraining primordial non-Gaussianity with DESI 2024 LRG and QSO samples,2025,6,Journal of Cosmology and Astroparticle Physics,2025,029,52,1,68,cosmological parameters from LSS; galaxy clustering; inflation; power spectrum; Cosmology and Nongalactic Astrophysics,10.1088/1475-7516/2025/06/029,arXiv:2411.17623,https://ui.adsabs.harvard.edu/abs/2025JCAP...06..029C
2025JCAP...06..020Z,A sound horizon-free measurement of H <SUB>0</SUB> in DESI 2024,2025,6,Journal of Cosmology and Astroparticle Physics,2025,020,56,1,21,cosmological parameters from LSS; power spectrum; redshift surveys; physics of the early universe; Cosmology and Nongalactic Astrophysics,10.1088/1475-7516/2025/06/020,arXiv:2411.16677,https://ui.adsabs.harvard.edu/abs/2025JCAP...06..020Z
2025JCAP...06..008S,Cosmological constraints from the cross-correlation of DESI Luminous Red Galaxies with CMB lensing from Planck PR4 and ACT DR6,2025,6,Journal of Cosmology and Astroparticle Physics,2025,008,65,1,63,cosmological parameters from LSS; galaxy clustering; gravitational lensing; redshift surveys; Cosmology and Nongalactic Astrophysics,10.1088/1475-7516/2025/06/008,arXiv:2407.04607,https://ui.adsabs.harvard.edu/abs/2025JCAP...06..008S
2025JCAP...06..005N,Full-Shape analysis of the power spectrum and bispectrum of DESI DR1 LRG and QSO samples,2025,6,Journal of Cosmology and Astroparticle Physics,2025,005,69,1,19,cosmological parameters from LSS; power spectrum; redshift surveys; Cosmology and Nongalactic Astrophysics,10.1088/1475-7516/2025/06/005,arXiv:2503.09714,https://ui.adsabs.harvard.edu/abs/2025JCAP...06..005N
2025ApJ...986..218W,Luminosity and Stellar Mass Functions of Faint Photometric Satellites around Spectroscopic Central Galaxies from DESI Year-1 Bright Galaxy Survey,2025,6,The Astrophysical Journal,986,218,50,1,7,Galaxy luminosities; Galaxy counts; Galaxy groups; Galaxy evolution; 603; 588; 597; 594; Astrophysics of Galaxies; Cosmology and Nongalactic Astrophysics,10.3847/1538-4357/add5df,arXiv:2503.03317,https://ui.adsabs.harvard.edu/abs/2025ApJ...986..218W
2025ApJ...985..183A,Search for Gravitational Waves Emitted from SN 2023ixf,2025,6,The Astrophysical Journal,985,183,200,0,27,Gravitational waves; 678; High Energy Astrophysical Phenomena,10.3847/1538-4357/adc681,arXiv:2410.16565,https://ui.adsabs.harvard.edu/abs/2025ApJ...985..183A
2025A&A...698A.177B,Constraints on primordial non-Gaussianity from the cross-correlation of DESI luminous red galaxies and Planck CMB lensing,2025,6,Astronomy and Astrophysics,698,A177,50,1,16,cosmic background radiation; cosmology: observations; early Universe; large-scale structure of Universe; inflation; Cosmology and Nongalactic Astrophysics,10.1051/0004-6361/202453446,arXiv:2412.10279,https://ui.adsabs.harvard.edu/abs/2025A&A...698A.177B
2025A&A...698A.170P,The DESI One-Percent Survey: Modelling the clustering and halo occupation of all four DESI tracers with UCHUU,2025,6,Astronomy and Astrophysics,698,A170,47,1,32,Galaxy: halo; cosmology: observations; cosmology: theory; large-scale structure of Universe; Cosmology and Nongalactic Astrophysics,10.1051/0004-6361/202451022,arXiv:2306.06315,https://ui.adsabs.harvard.edu/abs/2025A&A...698A.170P
2025RAA....25g5022Y,Enhancing Cosmological Constraints by Two-dimensional β-cosmic-web Weighted Angular Correlation Functions,2025,7,Research in Astronomy and Astrophysics,25,075022,9,1,0,(cosmology:) cosmological parameters; methods: statistical; (cosmology:) large-scale structure of universe; Cosmology and Nongalactic Astrophysics,10.1088/1674-4527/addf04,arXiv:2504.21509,https://ui.adsabs.harvard.edu/abs/2025RAA....25g5022Y
2025MNRAS.540.3150T,Gravitational lensing by a generalized-NFW halo via the Fox H-function and its application to the super-NFW,2025,7,Monthly Notices of the Royal Astronomical Society,540,3150,2,2,0,gravitational lensing: strong; gravitational lensing: weak; methods: analytical; Cosmology and Nongalactic Astrophysics,10.1093/mnras/staf922,arXiv:2406.07695,https://ui.adsabs.harvard.edu/abs/2025MNRAS.540.3150T
2025JCAP...07..037G,Dynamical shortcomings in the Generalized SU(2) Proca theory: challenges for cosmic acceleration,2025,7,Journal of Cosmology and Astroparticle Physics,2025,037,5,4,4,dark energy theory; Gauss-Bonnet-Lovelock-Horndeski-Palatini etc gravity theories; inflation; physics of the early universe; General Relativity and Quantum Cosmology; Cosmology and Nongalactic Astrophysics,10.1088/1475-7516/2025/07/037,arXiv:2501.17280,https://ui.adsabs.harvard.edu/abs/2025JCAP...07..037G
2025JCAP...07..028A,DESI 2024 VII: cosmological constraints from the full-shape modeling of clustering measurements,2025,7,Journal of Cosmology and Astroparticle Physics,2025,028,200,1,329,dark energy experiments; redshift surveys; power spectrum; modified gravity; Cosmology and Nongalactic Astrophysics,10.1088/1475-7516/2025/07/028,arXiv:2411.12022,https://ui.adsabs.harvard.edu/abs/2025JCAP...07..028A
2025JCAP...07..018R,Mitigating imaging systematics for DESI 2024 emission Line Galaxies and beyond,2025,7,Journal of Cosmology and Astroparticle Physics,2025,018,59,1,16,galaxy clustering; baryon acoustic oscillations; Machine learning; Astrophysics - Cosmology and Nongalactic Astrophysics,10.1088/1475-7516/2025/07/018,arXiv:2411.12024,https://ui.adsabs.harvard.edu/abs/2025JCAP...07..018R
2025JCAP...07..017A,"DESI 2024 II: sample definitions, characteristics, and two-point clustering statistics",2025,7,Journal of Cosmology and Astroparticle Physics,2025,017,200,1,128,cosmological parameters from LSS; galaxy clustering; power spectrum; redshift surveys; Cosmology and Nongalactic Astrophysics,10.1088/1475-7516/2025/07/017,arXiv:2411.12020,https://ui.adsabs.harvard.edu/abs/2025JCAP...07..017A
2025ApJ...988...66A,Orbital Decay of the Ultra-hot Jupiter TOI-2109b: Tidal Constraints and Transit-timing Analysis,2025,7,The Astrophysical Journal,988,66,4,1,6,Hot Jupiters; Tidal friction; Tidal interaction; Exoplanet astronomy; Transit timing variation method; 753; 1698; 1699; 486; 1710; Earth and Planetary Astrophysics; Solar and Stellar Astrophysics,10.3847/1538-4357/ade057,arXiv:2505.18941,https://ui.adsabs.harvard.edu/abs/2025ApJ...988...66A
2025ApJ...987...47A,Blinded Mock Data Challenge for Gravitational-wave Cosmology. I. Assessing the Robustness of Methods Using Binary Black Hole Mass Spectrum,2025,7,The Astrophysical Journal,987,47,21,7,22,Gravitational waves; Cosmology; Hubble constant; 678; 343; 758; Cosmology and Nongalactic Astrophysics; Astrophysics of Galaxies; High Energy Astrophysical Phenomena; General Relativity and Quantum Cosmology,10.3847/1538-4357/adda3a,arXiv:2412.14244,https://ui.adsabs.harvard.edu/abs/2025ApJ...987...47A
2025AJ....170...16N,DESI Mg II Absorbers: Extinction Characteristics and Quasar Redshift Accuracy,2025,7,The Astronomical Journal,170,16,35,1,5,Quasar absorption line spectroscopy; Extragalactic astronomy; Quasars; Large-scale structure of the universe; Observational cosmology; Intergalactic gas; 1317; 506; 1319; 902; 1146; 812; Astrophysics of Galaxies,10.3847/1538-3881/adc389,arXiv:2412.15383,https://ui.adsabs.harvard.edu/abs/2025AJ....170...16N
2025A&A...699A.331L,The S-PLUS Fornax Project (S+FP): Mapping Hα+[N II] emission in 77 Fornax galaxy members reaching ∼4 Rvir,2025,7,Astronomy and Astrophysics,699,A331,34,1,4,methods: data analysis; techniques: photometric; surveys; galaxies: ISM; galaxies: clusters: individual: Fornax; Astrophysics of Galaxies,10.1051/0004-6361/202554159,arXiv:2505.16738,https://ui.adsabs.harvard.edu/abs/2025A&A...699A.331L
2025MNRAS.541.1487F,Magnetic burial in millisecond magnetars and late GRB afterglow signatures,2025,8,Monthly Notices of the Royal Astronomical Society,541,1487,5,1,2,acceleration of particles; radiation mechanisms: non-thermal; gamma-ray bursts: individual: GRB 170817; stars: neutron; ISM: magnetic fields; High Energy Astrophysical Phenomena,10.1093/mnras/staf968,arXiv:2506.09402,https://ui.adsabs.harvard.edu/abs/2025MNRAS.541.1487F
2025ApJ...989...22L,The Evolution of Substructure during Star Cluster Assembly,2025,8,The Astrophysical Journal,989,22,4,2,6,Young massive clusters; Young star clusters; Star clusters; Star forming regions; Star formation; 2049; 1833; 1567; 1565; 1569; Astrophysics of Galaxies; Solar and Stellar Astrophysics,10.3847/1538-4357/ade9b5,arXiv:2507.00815,https://ui.adsabs.harvard.edu/abs/2025ApJ...989...22L
2025A&A...700L..14S,Volatile enrichment in low-mass planets as signatures of past planetary disruption,2025,8,Astronomy and Astrophysics,700,L14,4,1,1,planets and satellites: atmospheres; planets and satellites: dynamical evolution and stability; planet-star interactions; Earth and Planetary Astrophysics,10.1051/0004-6361/202555923,arXiv:2507.11693,https://ui.adsabs.harvard.edu/abs/2025A&A...700L..14S
2025A&A...700A.209S,Beyond traditional diagnostics: Identifying active galactic nuclei using spectral energy distribution fitting in DESI data,2025,8,Astronomy and Astrophysics,700,A209,39,1,6,catalogs; galaxies: active; galaxies: evolution; galaxies: general; galaxies: nuclei; galaxies: Seyfert; Astrophysics of Galaxies,10.1051/0004-6361/202555463,arXiv:2506.09143,https://ui.adsabs.harvard.edu/abs/2025A&A...700A.209S
2025A&A...700A..17S,The imprint of cosmic voids from the DESI Legacy Survey DR9 Luminous Red Galaxies in the Planck 2018 lensing map through spectroscopically calibrated mocks,2025,8,Astronomy and Astrophysics,700,A17,34,1,6,cosmic background radiation; cosmological parameters; cosmology: observations; large-scale structure of Universe; Cosmology and Nongalactic Astrophysics,10.1051/0004-6361/202453562,arXiv:2412.02761,https://ui.adsabs.harvard.edu/abs/2025A&A...700A..17S
2025RMxAA..61b..71O,"Espartaco 2, a New Stellar Spectrograph at Universidad de los Andes",2025,9,Revista Mexicana de Astronomia y Astrofisica,61,71,2,1,0,astronomical instrumentation; stars: radial velocity; stars: spectroscopy; astronomy education,10.22201/ia.01851101p.2025.61.02.06,,https://ui.adsabs.harvard.edu/abs/2025RMxAA..61b..71O
2025RMxAA..61b..25S,Deep-TAO: The Deep Learning Transient Astronomical Object data set for Astronomical Transient Event Classification,2025,9,Revista Mexicana de Astronomia y Astrofisica,61,25,6,5,0,catalogues; methods: data analysis; transients: general; Instrumentation and Methods for Astrophysics,10.22201/ia.01851101p.2025.61.02.03,arXiv:2503.16714,https://ui.adsabs.harvard.edu/abs/2025RMxAA..61b..25S
2025PASP..137i4503R,The Rayleigh Criterion: Resolution Limits of Astronomical Periodograms,2025,9,Publications of the Astronomical Society of the Pacific,137,094503,4,1,4,Exoplanet detection methods; Light curves; Period search; Lomb-Scargle periodogram; Time series analysis; 489; 918; 1955; 1959; 1916; Instrumentation and Methods for Astrophysics; Earth and Planetary Astrophysics,10.1088/1538-3873/adffed,arXiv:2506.20864,https://ui.adsabs.harvard.edu/abs/2025PASP..137i4503R
2025MNRAS.542..560B,Exploring the interaction between the MW and LMC with a large sample of blue horizontal branch stars from the DESI survey,2025,9,Monthly Notices of the Royal Astronomical Society,542,560,45,1,37,Galaxy: evolution; Galaxy: halo; Galaxy: kinematics and dynamics; Magellanic Clouds; Astrophysics of Galaxies,10.1093/mnras/staf1219,arXiv:2410.09149,https://ui.adsabs.harvard.edu/abs/2025MNRAS.542..560B
2025JCAP...09..053I,Modified gravity constraints from the full shape modeling of clustering measurements from DESI 2024,2025,9,Journal of Cosmology and Astroparticle Physics,2025,053,71,1,93,cosmological parameters from LSS; dark energy experiments; modified gravity; Cosmology and Nongalactic Astrophysics; General Relativity and Quantum Cosmology,10.1088/1475-7516/2025/09/053,arXiv:2411.12026,https://ui.adsabs.harvard.edu/abs/2025JCAP...09..053I
2025JCAP...09..020B,The effects of continuum fitting on Lyman-α forest correlations,2025,9,Journal of Cosmology and Astroparticle Physics,2025,020,45,1,8,baryon acoustic oscillations; Lyman alpha forest; Cosmology and Nongalactic Astrophysics,10.1088/1475-7516/2025/09/020,arXiv:2506.15262,https://ui.adsabs.harvard.edu/abs/2025JCAP...09..020B
2025JCAP...09..008A,DESI 2024 V: Full-Shape galaxy clustering from galaxies and quasars,2025,9,Journal of Cosmology and Astroparticle Physics,2025,008,199,1,177,baryon acoustic oscillations; cosmological parameters from LSS; power spectrum; redshift surveys; Cosmology and Nongalactic Astrophysics,10.1088/1475-7516/2025/09/008,arXiv:2411.12021,https://ui.adsabs.harvard.edu/abs/2025JCAP...09..008A
2025JCAP...09..007F,Exploring HOD-dependent systematics for the DESI 2024 Full-Shape galaxy clustering analysis,2025,9,Journal of Cosmology and Astroparticle Physics,2025,007,42,1,10,cosmological parameters from LSS; power spectrum; redshift surveys; dark energy experiments; Cosmology and Nongalactic Astrophysics,10.1088/1475-7516/2025/09/007,arXiv:2411.12023,https://ui.adsabs.harvard.edu/abs/2025JCAP...09..007F
2025ApJ...990..231P,"Erratum: ""Tripling the Census of Dwarf AGN Candidates Using DESI Early Data"" (2025, ApJ, 982, 10)",2025,9,The Astrophysical Journal,990,231,49,1,1,,10.3847/1538-4357/adfee0,,https://ui.adsabs.harvard.edu/abs/2025ApJ...990..231P
2025ApJ...990..151A,"The Cosmic Evolution of C IV Absorbers at 1.4 < z < 4.5: Insights from 100,000 Systems in DESI Quasars",2025,9,The Astrophysical Journal,990,151,42,1,6,Quasar absorption line spectroscopy; Intergalactic medium; Redshift surveys; Astronomy software; 1317; 813; 1378; 1855; Cosmology and Nongalactic Astrophysics,10.3847/1538-4357/adef3c,arXiv:2504.20299,https://ui.adsabs.harvard.edu/abs/2025ApJ...990..151A
2025AJ....170..171L,SpecDis: Value Added Distance Catalog for 4 Million Stars from DESI Year-1 Data,2025,9,The Astronomical Journal,170,171,59,1,14,Astronomy data analysis; Stellar distance; Redshift surveys; 1858; 1595; 1378; Astrophysics of Galaxies; Solar and Stellar Astrophysics,10.3847/1538-3881/adf1a0,arXiv:2503.02291,https://ui.adsabs.harvard.edu/abs/2025AJ....170..171L
2025A&A...701A.139R,XUE: JWST spectroscopy of externally irradiated disks around young intermediate-mass stars,2025,9,Astronomy and Astrophysics,701,A139,20,3,10,planets and satellites: formation; protoplanetary disks; stars: pre-main sequence; infrared: ISM; infrared: stars; Solar and Stellar Astrophysics; Earth and Planetary Astrophysics,10.1051/0004-6361/202555456,arXiv:2505.06093,https://ui.adsabs.harvard.edu/abs/2025A&A...701A.139R
2025A&A...701A..14F,XUE: The CO<SUB>2</SUB>-rich terrestrial planet-forming region of an externally irradiated Herbig disk,2025,9,Astronomy and Astrophysics,701,A14,21,3,11,planets and satellites: formation; protoplanetary disks; stars: pre-main sequence; infrared: ISM; infrared: stars; Earth and Planetary Astrophysics,10.1051/0004-6361/202555718,arXiv:2507.13921,https://ui.adsabs.harvard.edu/abs/2025A&A...701A..14F
2025JCAP...10..087G,Using active learning to improve quasar identification for the DESI spectra processing pipeline,2025,10,Journal of Cosmology and Astroparticle Physics,2025,087,54,1,9,Machine learning; dark energy experiments; Instrumentation and Methods for Astrophysics; Cosmology and Nongalactic Astrophysics,10.1088/1475-7516/2025/10/087,arXiv:2505.01596,https://ui.adsabs.harvard.edu/abs/2025JCAP...10..087G
2025JCAP...10..077D,Cosmology from Planck CMB lensing and DESI DR1 quasar tomography,2025,10,Journal of Cosmology and Astroparticle Physics,2025,077,63,1,15,cosmological parameters from LSS; gravitational lensing; power spectrum; baryon acoustic oscillations; Cosmology and Nongalactic Astrophysics,10.1088/1475-7516/2025/10/077,arXiv:2506.22416,https://ui.adsabs.harvard.edu/abs/2025JCAP...10..077D
2025JCAP...10..004K,DESI DR1 Lyα 1D power spectrum: the optimal estimator measurement,2025,10,Journal of Cosmology and Astroparticle Physics,2025,004,64,1,13,Lyman alpha forest; power spectrum; Cosmology and Nongalactic Astrophysics,10.1088/1475-7516/2025/10/004,arXiv:2505.07974,https://ui.adsabs.harvard.edu/abs/2025JCAP...10..004K
2025ApJ...992..121H,DESI Emission-line Galaxies: Clustering Dependence on Stellar Mass and [O II] Luminosity,2025,10,The Astrophysical Journal,992,121,52,1,2,Cosmology; Galaxies; Galaxy dark matter halos; Large-scale structure of the universe; 343; 573; 1880; 902; Astrophysics of Galaxies; Cosmology and Nongalactic Astrophysics,10.3847/1538-4357/ae0036,arXiv:2505.20430,https://ui.adsabs.harvard.edu/abs/2025ApJ...992..121H
2025RMxAA..61c.189M,"Blade Antenna-SDR System Prototype for the CANTAR Global 21-cm Experiment: Simulations, Measurements, and In-Situ Results",2025,11,Revista Mexicana de Astronomia y Astrofisica,61,189,6,6,1,cosmology: observations; dark ages; reionization; first stars; instrumentation: detectors; instrumentation: miscellaneous; radio continuum:general; site testing; Instrumentation and Methods for Astrophysics,10.22201/ia.01851101p.2025.61.03.07,arXiv:2508.18020,https://ui.adsabs.harvard.edu/abs/2025RMxAA..61c.189M
2025RMxAA..61c.134G,A New Set of Classical-Like Mass AssignmentSchemes for Power Spectrum Estimation,2025,11,Revista Mexicana de Astronomia y Astrofisica,61,134,2,2,0,cosmology: large-scale; cosmology: miscellaneous; methods: numerical; structure of Universe,10.22201/ia.01851101p.2025.61.03.02,,https://ui.adsabs.harvard.edu/abs/2025RMxAA..61c.134G
2025MNRAS.543.2078B,Constraining primordial non-Gaussianity from the large scale structure two-point and three-point correlation functions,2025,11,Monthly Notices of the Royal Astronomical Society,543,2078,51,1,11,early Universe; inflation; large-scale structure of Universe; Cosmology and Nongalactic Astrophysics,10.1093/mnras/staf1411,arXiv:2403.18789,https://ui.adsabs.harvard.edu/abs/2025MNRAS.543.2078B
2025JCAP...11..079R,DESI DR1 Lyα 1D power spectrum: the Fast Fourier Transform estimator measurement,2025,11,Journal of Cosmology and Astroparticle Physics,2025,079,67,1,13,Lyman alpha forest; redshift surveys; intergalactic media; Cosmology and Nongalactic Astrophysics,10.1088/1475-7516/2025/11/079,arXiv:2505.09493,https://ui.adsabs.harvard.edu/abs/2025JCAP...11..079R
2025JCAP...11..077M,A joint analysis of 3D clustering and galaxy × CMB-lensing cross-correlations with DESI DR1 galaxies,2025,11,Journal of Cosmology and Astroparticle Physics,2025,077,61,1,24,cosmological parameters from LSS; gravitational lensing; power spectrum; redshift surveys; Cosmology and Nongalactic Astrophysics,10.1088/1475-7516/2025/11/077,arXiv:2505.20656,https://ui.adsabs.harvard.edu/abs/2025JCAP...11..077M
2025JCAP...11..074T,Modeling of the high column density systems in the Lyman-Alpha forest,2025,11,Journal of Cosmology and Astroparticle Physics,2025,074,44,1,3,baryon acoustic oscillations; intergalactic media; Lyman alpha forest; Cosmology and Nongalactic Astrophysics,10.1088/1475-7516/2025/11/074,arXiv:2506.13005,https://ui.adsabs.harvard.edu/abs/2025JCAP...11..074T
2025JCAP...11..049Z,Enhancing DESI DR1 full-shape analyses using HOD-informed priors,2025,11,Journal of Cosmology and Astroparticle Physics,2025,049,60,1,18,cosmological parameters from LSS; galaxy clustering; power spectrum; Bayesian reasoning; Cosmology and Nongalactic Astrophysics,10.1088/1475-7516/2025/11/049,arXiv:2504.10407,https://ui.adsabs.harvard.edu/abs/2025JCAP...11..049Z
2025Galax..13..127F,Late-Time Radio Diagnostics of Magnetar Magnetic Burial and Reemergence in GRB Afterglows,2025,11,Galaxies,13,127,5,1,0,gamma-ray bursts (GRBs); Hall─Ohmic diffusion; late-time energy injection; late-time radio afterglow; magnetars; magnetic burial; magnetic reemergence; pulsar-wind nebula (PWN); supernova ejecta; synchrotron radiation,10.3390/galaxies13060127,,https://ui.adsabs.harvard.edu/abs/2025Galax..13..127F
2025ApJ...994..134D,The Draco Dwarf Spheroidal Galaxy in the First Year of Dark Energy Spectroscopic Instrument Data,2025,11,The Astrophysical Journal,994,134,43,1,7,Draco dwarf galaxy; Dwarf galaxies; Galaxy evolution; Local Group; 408; 416; 594; 929; Astrophysics of Galaxies,10.3847/1538-4357/ae0a37,arXiv:2509.21822,https://ui.adsabs.harvard.edu/abs/2025ApJ...994..134D
2025ApJ...993L..25A,GW231123: A Binary Black Hole Merger with Total Mass 190─265 M<SUB>⊙</SUB>,2025,11,The Astrophysical Journal Letters,993,L25,200,0,256,LIGO; Gravitational waves; Astrophysical black holes; Intermediate-mass black holes; 920; 678; 98; 816; High Energy Astrophysical Phenomena; General Relativity and Quantum Cosmology,10.3847/2041-8213/ae0c9c,arXiv:2507.08219,https://ui.adsabs.harvard.edu/abs/2025ApJ...993L..25A
2025ApJ...993L..21A,"GW241011 and GW241110: Exploring Binary Formation and Fundamental Physics with Asymmetric, High-spin Black Hole Coalescences",2025,11,The Astrophysical Journal Letters,993,L21,200,0,76,Gravitational wave astronomy; Gravitational wave detectors; Astrophysical black holes; Compact binary stars; General relativity; 675; 676; 98; 283; 641; High Energy Astrophysical Phenomena; General Relativity and Quantum Cosmology,10.3847/2041-8213/ae0d54,arXiv:2510.26931,https://ui.adsabs.harvard.edu/abs/2025ApJ...993L..21A
2025ApJ...993..249Y,"The Dark Matter Content of Milky Way Dwarf Spheroidal Galaxies: Draco, Sextans, and Ursa Minor",2025,11,The Astrophysical Journal,993,249,53,1,14,Dark matter; Dwarf spheroidal galaxies; Galaxy dynamics; 353; 420; 591; Astrophysics of Galaxies; Cosmology and Nongalactic Astrophysics,10.3847/1538-4357/ae07ce,arXiv:2507.02284,https://ui.adsabs.harvard.edu/abs/2025ApJ...993..249Y
2025ApJ...993...92N,A Comprehensive Characterization of Galaxy-cool CGM Connections at z < 0.4 with DESI Year 1 Data,2025,11,The Astrophysical Journal,993,92,44,1,7,Circumgalactic medium; Spectroscopy; Extragalactic astronomy; 1879; 1558; 506; Astrophysics of Galaxies,10.3847/1538-4357/ae0613,arXiv:2503.11139,https://ui.adsabs.harvard.edu/abs/2025ApJ...993...92N
2025A&A...704A..17H,Investigating solid-state CH<SUB>3</SUB>OH formation with chemical modelling,2025,11,Astronomy and Astrophysics,704,A17,4,2,2,astrochemistry; ISM: abundances; ISM: clouds; ISM: molecules; Astrophysics of Galaxies,10.1051/0004-6361/202556145,arXiv:2509.22203,https://ui.adsabs.harvard.edu/abs/2025A&A...704A..17H
2025NatAs...9.1879G,Dynamical dark energy in light of the DESI DR2 baryonic acoustic oscillations measurements,2025,12,Nature Astronomy,9,1879,60,1,125,Cosmology and Nongalactic Astrophysics,10.1038/s41550-025-02669-6,arXiv:2504.06118,https://ui.adsabs.harvard.edu/abs/2025NatAs...9.1879G
2025MNRAS.544.2080M,Spectroscopic Characterization of redMaPPer Galaxy Clusters with DESI,2025,12,Monthly Notices of the Royal Astronomical Society,544,2080,47,1,5,galaxies: clusters: general; galaxies: general; galaxies: groups: general; large-scale structure of Universe; Cosmology and Nongalactic Astrophysics,10.1093/mnras/staf1831,arXiv:2506.06249,https://ui.adsabs.harvard.edu/abs/2025MNRAS.544.2080M
2025JCAP...12..053H,The Lyman-α forest from LBGs: First 3D correlation measurement with DESI and prospects for cosmology,2025,12,Journal of Cosmology and Astroparticle Physics,2025,053,53,1,4,baryon acoustic oscillations; dark energy experiments; high redshift galaxies; Lyman alpha forest; Cosmology and Nongalactic Astrophysics,10.1088/1475-7516/2025/12/053,arXiv:2507.21852,https://ui.adsabs.harvard.edu/abs/2025JCAP...12..053H
2025FrASS..1273311P,Fast radio bursts as cosmological proxies: estimating the hubble constant,2025,12,Frontiers in Astronomy and Space Sciences,12,1573311,4,3,11,fast radio bursts; cosmology; hubble constant; statistical methods; transient; Astrophysics - Cosmology and Nongalactic Astrophysics; Astrophysics - High Energy Astrophysical Phenomena; General Relativity and Quantum Cosmology,10.3389/fspas.2025.1573311,arXiv:2502.08509,https://ui.adsabs.harvard.edu/abs/2025FrASS..1273311P
2025ApJ...995L..18A,GWTC-4.0: An Introduction to Version 4.0 of the Gravitational-Wave Transient Catalog,2025,12,The Astrophysical Journal Letters,995,L18,200,0,131,Gravitational wave astronomy; Gravitational wave detectors; Gravitational wave sources; Stellar mass black holes; Neutron stars; 675; 676; 677; 1611; 1108; General Relativity and Quantum Cosmology; High Energy Astrophysical Phenomena,10.3847/2041-8213/ae0c06,arXiv:2508.18080,https://ui.adsabs.harvard.edu/abs/2025ApJ...995L..18A
2025ApJ...995..220L,DESI Spectroscopy of HETDEX Emission-line Candidates. I. Line Discrimination Validation,2025,12,The Astrophysical Journal,995,220,53,1,7,Redshift surveys; Astronomical methods; 1378; 1043; Cosmology and Nongalactic Astrophysics,10.3847/1538-4357/ae1ae6,arXiv:2503.02229,https://ui.adsabs.harvard.edu/abs/2025ApJ...995..220L
2025ApJ...995..126N,ODIN: Probing the LAE Lyα Luminosity Function across Cosmic Time and Different Environments,2025,12,The Astrophysical Journal,995,126,56,1,6,Luminosity function; Lyman-alpha galaxies; Galaxy environments; 942; 978; 2029; Astrophysics of Galaxies,10.3847/1538-4357/ae1969,arXiv:2506.14510,https://ui.adsabs.harvard.edu/abs/2025ApJ...995..126N
2025ApJ...994..230G,The Southern Photometrical Local Universe Survey (S-PLUS): Searching for Metal-poor Dwarf Galaxies,2025,12,The Astrophysical Journal,994,230,25,1,3,Dwarf galaxies; Interstellar medium; Star formation; Galaxy evolution; Metallicity; 416; 847; 1569; 594; 1031; Astrophysics of Galaxies,10.3847/1538-4357/ae1116,arXiv:2501.18498,https://ui.adsabs.harvard.edu/abs/2025ApJ...994..230G
2025AdSpR..76.7190S,Global complexity signatures of solar cycles: A unified Entropy-Fractal survey of OMNI solar wind data (1964─2025),2025,12,Advances in Space Research,76,7190,3,2,1,Heliospheric medium; Solar cycles; Complexity analysis; Entropy; Fractal dimensions; Algorithmic complexity; 28A80; 28D20; 37B40; 94A17; 85A35; 70K55; 85A20; 86A10; 37A60,10.1016/j.asr.2025.09.072,,https://ui.adsabs.harvard.edu/abs/2025AdSpR..76.7190S
2026RASTI...5ag046M,A new methodology for classifying eclipsing binaries with Kepler data and deep learning,2026,1,RAS Techniques and Instruments,5,rzag046,5,1,0,eclipsing binaries; methods: data analysis; methods: statistical; techniques: photometric; stars: variables: general; Machine Learning; Solar and Stellar Astrophysics,10.1093/rasti/rzag046,arXiv:2606.19295,https://ui.adsabs.harvard.edu/abs/2026RASTI...5ag046M
2026MNRAS.545f2035G,Modelling the impact of quasar redshift errors on the full-shape analysis of correlations in the Lyman-α forest,2026,1,Monthly Notices of the Royal Astronomical Society,545,staf2035,48,1,5,dark energy; distance scale; large-scale structure of Universe; Cosmology and Nongalactic Astrophysics,10.1093/mnras/staf2035,arXiv:2505.08789,https://ui.adsabs.harvard.edu/abs/2026MNRAS.545f2035G
2026JCAP...01..041C,Cosmological neutrino mass: a frequentist overview in light of DESI,2026,1,Journal of Cosmology and Astroparticle Physics,2026,041,54,1,14,cosmological parameters from LSS; Frequentist statistics; neutrino masses from cosmology; Cosmology and Nongalactic Astrophysics,10.1088/1475-7516/2026/01/041,arXiv:2507.12401,https://ui.adsabs.harvard.edu/abs/2026JCAP...01..041C
2026AdSpR..77..410G,"Estimation of dam water volume in northern Sinaloa, Mexico using Landsat imagery and artificial intelligence models",2026,1,Advances in Space Research,77,410,4,4,0,Monitoring; Water indices; Multispectral images; Machine learning; Google Earth Engine,10.1016/j.asr.2025.09.101,,https://ui.adsabs.harvard.edu/abs/2026AdSpR..77..410G
2026PASP..138b4505M,An Efficient Framework for Automatic Carbon Star Detection Using Machine Learning Techniques on LAMOST DR9 and Gaia DR3,2026,2,Publications of the Astronomical Society of the Pacific,138,024505,7,6,1,Carbon stars; Stellar classification; Astrostatistics techniques; 0199; 1589; 1886,10.1088/1538-3873/ae3f57,,https://ui.adsabs.harvard.edu/abs/2026PASP..138b4505M
2026MNRAS.546f1854C,The dynamics of S-stars and G-sources orbiting a supermassive compact object made of fermionic dark matter,2026,2,Monthly Notices of the Royal Astronomical Society,546,staf1854,7,0,6,stars: Galaxy: kinematics and dynamics; Galaxy: centre; Galaxy: structure; dark matter; Astrophysics of Galaxies,10.1093/mnras/staf1854,arXiv:2510.19087,https://ui.adsabs.harvard.edu/abs/2026MNRAS.546f1854C
2026MNRAS.545f2069W,Galaxy-multiplet clustering from DESI DR2,2026,2,Monthly Notices of the Royal Astronomical Society,545,staf2069,47,1,3,methods: data analysis; large-scale structure of Universe; cosmology: observations; Cosmology and Nongalactic Astrophysics,10.1093/mnras/staf2069,arXiv:2511.15354,https://ui.adsabs.harvard.edu/abs/2026MNRAS.545f2069W
2026JCAP...02E..02A,Erratum: DESI 2024 V: Full-Shape Galaxy Clustering from Galaxies and Quasars,2026,2,Journal of Cosmology and Astroparticle Physics,2026,E02,199,1,0,,10.1088/1475-7516/2026/02/E02,,https://ui.adsabs.harvard.edu/abs/2026JCAP...02E..02A
2026Galax..14...10S,Estimating H I Mass Fraction in Galaxies with Bayesian Neural Networks,2026,2,Galaxies,14,10,3,1,0,21 cm line; Arecibo Legacy Fast ALFA (ALFALFA) survey; Bayesian neural networks; galaxy evolution; gas fraction; machine learning; neutral atomic hydrogen (H I); optical/UV photometry; photometric gas fraction (PGF); Sloan Digital Sky Survey (SDSS),10.3390/galaxies14010010,,https://ui.adsabs.harvard.edu/abs/2026Galax..14...10S
2026ApJS..282...41H,A New Way to Discover Strong Gravitational Lenses: Pairwise Spectroscopic Search from DESI DR1,2026,2,The Astrophysical Journal Supplement Series,282,41,51,1,2,Strong gravitational lensing; Gravitational lensing; Galaxy spectroscopy; Sky surveys; Redshift surveys; Dwarf galaxies; 1643; 670; 2171; 1464; 1378; 416; Astrophysics of Galaxies; Instrumentation and Methods for Astrophysics,10.3847/1538-4365/ae27ce,arXiv:2509.16033,https://ui.adsabs.harvard.edu/abs/2026ApJS..282...41H
2026ApJ...998..263L,A Unified Photometric Redshift Calibration for Weak Lensing Surveys Using the Dark Energy Spectroscopic Instrument,2026,2,The Astrophysical Journal,998,263,64,1,7,Redshift surveys; Weak gravitational lensing; Astrostatistics; 1378; 1797; 1882; Cosmology and Nongalactic Astrophysics,10.3847/1538-4357/ae3165,arXiv:2510.25419,https://ui.adsabs.harvard.edu/abs/2026ApJ...998..263L
2026ApJ...998...69H,DESI Strong Lens Foundry. I. HST Observations and Modeling with GIGA-Lens,2026,2,The Astrophysical Journal,998,69,59,1,19,Gravitational lensing; Strong gravitational lensing; Galaxy spectroscopy; Infrared spectroscopy; Bayesian statistics; GPU computing; 670; 1643; 2171; 2285; 1900; 1969; Astrophysics - Cosmology and Nongalactic Astrophysics; Astrophysics - Astrophysics of Galaxies,10.3847/1538-4357/ae22d2,arXiv:2502.03455,https://ui.adsabs.harvard.edu/abs/2026ApJ...998...69H
2026AJ....171...71R,The Compilation and Validation of the Spectroscopic Redshift Catalogs for the DESI-COSMOS and DESI-XMM-LSS Fields,2026,2,The Astronomical Journal,171,71,77,1,11,Cosmology; Galaxy spectroscopy; Spectroscopy; Galaxies; Redshift surveys; Catalogs; Photometry; Galaxy photometry; 343; 2171; 1558; 573; 1378; 205; 1234; 611; Cosmology and Nongalactic Astrophysics,10.3847/1538-3881/ae1fde,arXiv:2508.09286,https://ui.adsabs.harvard.edu/abs/2026AJ....171...71R
2026A&A...706A.213R,Bulgeless Evolution And the Rise of Discs (BEARD): II. The role of mergers in shaping the Milky Way analogues in TNG50,2026,2,Astronomy and Astrophysics,706,A213,23,0,2,methods: data analysis; methods: numerical; galaxies: evolution; galaxies: formation; galaxies: interactions; galaxies: spiral; Astrophysics of Galaxies,10.1051/0004-6361/202556875,arXiv:2605.18948,https://ui.adsabs.harvard.edu/abs/2026A&A...706A.213R
2026A&A...706A.128M,Bulgeless Evolution And the Rise of Discs (BEARD): I. Physical drivers of the mass─size relation for Milky Way-like galaxies,2026,2,Astronomy and Astrophysics,706,A128,23,0,3,methods: data analysis; methods: numerical; methods: observational; galaxies: evolution; galaxies: photometry; galaxies: spiral; Astrophysics of Galaxies,10.1051/0004-6361/202557193,arXiv:2605.18976,https://ui.adsabs.harvard.edu/abs/2026A&A...706A.128M
2026JCAP...03..019E,Clustering analysis of medium-band selected high-redshift galaxies,2026,3,Journal of Cosmology and Astroparticle Physics,2026,019,60,1,3,redshift surveys; cosmological parameters from LSS; Cosmology and Nongalactic Astrophysics,10.1088/1475-7516/2026/03/019,arXiv:2509.26467,https://ui.adsabs.harvard.edu/abs/2026JCAP...03..019E
2026IAUS..358....4V,The need for reinforcing the implementation of inclusion and diversity strategies as ordinary actions towards social and scientific development of our society,2026,3,"Astronomy for Equity, Diversity and Inclusion",358,4,1,1,0,Inclusion strategies; diversity in science; equity in STEM,10.1017/S1743921325001796,,https://ui.adsabs.harvard.edu/abs/2026IAUS..358....4V
2026ApJ..1000...33Q,The Binary Fraction of Stars in the Dwarf Galaxy Ursa Minor via Dark Energy Spectroscopic Instrument,2026,3,The Astrophysical Journal,1000,33,48,1,6,Binary stars; Dwarf galaxies; Ursa Minor dwarf spheroidal galaxy; 154; 416; 1753; Solar and Stellar Astrophysics; Astrophysics of Galaxies,10.3847/1538-4357/ae422d,arXiv:2512.04477,https://ui.adsabs.harvard.edu/abs/2026ApJ..1000...33Q
2026ApJ...999..241U,Bayesian Component Separation for DESI LAE Automated Spectroscopic Redshifts and Photometric Targeting,2026,3,The Astrophysical Journal,999,241,40,1,4,Lyman-alpha galaxies; Redshift surveys; Spectroscopy; Astronomy data analysis; 978; 1378; 1558; 1858; Instrumentation and Methods for Astrophysics; Cosmology and Nongalactic Astrophysics; Applications,10.3847/1538-4357/ae3f9a,arXiv:2504.06870,https://ui.adsabs.harvard.edu/abs/2026ApJ...999..241U
2026ApJ...999..198K,The DESI Single Fiber Lens Search. I. Four Thousand Spectroscopically Selected Galaxy─Galaxy Gravitational Lens Candidates,2026,3,The Astrophysical Journal,999,198,50,1,1,Strong gravitational lensing; Early-type galaxies; Starburst galaxies; Gravitational lensing; Einstein rings; 1643; 429; 1570; 670; 451; Astrophysics of Galaxies,10.3847/1538-4357/ae3f06,arXiv:2512.04275,https://ui.adsabs.harvard.edu/abs/2026ApJ...999..198K
2026ApJ...999..108L,The Milky Way Stellar Halo Is Twisted and Doubly Broken: Insights from DESI DR2 Milky Way Survey Observation,2026,3,The Astrophysical Journal,999,108,48,1,11,Milky Way stellar halo; Large Magellanic Cloud; Galaxy stellar content; 1060; 903; 621; Astrophysics of Galaxies; Solar and Stellar Astrophysics,10.3847/1538-4357/ae41b9,arXiv:2512.01350,https://ui.adsabs.harvard.edu/abs/2026ApJ...999..108L
2026AdSpR..77.6645S,Complexity and scaling descriptors as diagnostic predictors of heliophysical indices across solar-cycle timescales,2026,3,Advances in Space Research,77,6645,3,2,0,Heliospheric medium; Solar radio flux; Sunspots; Complexity; signal-shape descriptors; 28A80; 28D20; 37B40; 94A17; 70K55; 85A35; 85A20; 86A10; 37A60,10.1016/j.asr.2026.02.010,,https://ui.adsabs.harvard.edu/abs/2026AdSpR..77.6645S
2026AdSpR..77.6605M,"Corrigendum to ""Revealing the equilibrium dynamics of a binary system of prolate or oblate elliptical galaxies"". [Adv. Space Res. 73/9 (2024) 4868─4877]",2026,3,Advances in Space Research,77,6605,3,1,0,,10.1016/j.asr.2026.01.053,,https://ui.adsabs.harvard.edu/abs/2026AdSpR..77.6605M
2026A&A...708A..66C,Morphological variations of solar granules in the presence of magnetic fields,2026,3,Astronomy and Astrophysics,708,A66,4,0,0,Sun: evolution; Sun: granulation; Sun: magnetic fields; Sun: photosphere; Solar and Stellar Astrophysics,10.1051/0004-6361/202557284,arXiv:2602.15590,https://ui.adsabs.harvard.edu/abs/2026A&A...708A..66C
2026SoPh..301...55M,"Multiwavelength Multipoint Observations of the October 28, 2021 Type III Radio Burst",2026,4,Solar Physics,301,55,9,1,0,Flares; Solar radio emissions; Type III; Magnetic fields; Corona; Physical Sciences; Astronomical and Space Sciences; Atomic; Molecular; Nuclear; Particle and Plasma Physics; Other Physical Sciences,10.1007/s11207-026-02647-9,,https://ui.adsabs.harvard.edu/abs/2026SoPh..301...55M
2026SoPh..301...49H,Design and Implementation of a Multi-Element Solar Radio Interferometer at 1.42 GHz,2026,4,Solar Physics,301,49,5,5,0,Instrumentation and data management; Radio emission; active regions; Radio emission; quiet; Radio bursts; microwave (mm; cm),10.1007/s11207-025-02584-z,,https://ui.adsabs.harvard.edu/abs/2026SoPh..301...49H
2026MNRAS.547ag010N,Identifying Anomalous DESI Galaxy Spectra with a Variational Autoencoder,2026,4,Monthly Notices of the Royal Astronomical Society,547,stag010,46,1,4,methods: data analysis; methods: statistical; techniques: spectroscopic; galaxies: peculiar; Instrumentation and Methods for Astrophysics; Cosmology and Nongalactic Astrophysics,10.1093/mnras/stag010,arXiv:2506.17376,https://ui.adsabs.harvard.edu/abs/2026MNRAS.547ag010N
2026JCAP...04..080C,Inference of the linear matter power spectrum at z = 0 using DESI DR1 Full-Shape data,2026,4,Journal of Cosmology and Astroparticle Physics,2026,080,52,1,4,galaxy clustering; power spectrum; redshift surveys; cosmological parameters from LSS; Cosmology and Nongalactic Astrophysics,10.1088/1475-7516/2026/04/080,arXiv:2507.16590,https://ui.adsabs.harvard.edu/abs/2026JCAP...04..080C
2026JCAP...04..058V,Combined tracer analysis for DESI 2024 BAO,2026,4,Journal of Cosmology and Astroparticle Physics,2026,058,67,1,3,baryon acoustic oscillations; cosmological simulations; galaxy clustering; redshift surveys; Cosmology and Nongalactic Astrophysics,10.1088/1475-7516/2026/04/058,arXiv:2508.05467,https://ui.adsabs.harvard.edu/abs/2026JCAP...04..058V
2026JCAP...04..048K,DESI DR1 Lyα 1D power spectrum: Validation of estimators,2026,4,Journal of Cosmology and Astroparticle Physics,2026,048,56,1,5,Lyman alpha forest; power spectrum; Cosmology and Nongalactic Astrophysics,10.1088/1475-7516/2026/04/048,arXiv:2509.13593,https://ui.adsabs.harvard.edu/abs/2026JCAP...04..048K
2026JCAP...04..033G,Gravitational wave oscillations in Multi-Proca dark energy models,2026,4,Journal of Cosmology and Astroparticle Physics,2026,033,2,1,0,dark energy theory; gravitational waves / sources; Cosmology and Nongalactic Astrophysics; General Relativity and Quantum Cosmology,10.1088/1475-7516/2026/04/033,arXiv:2512.17088,https://ui.adsabs.harvard.edu/abs/2026JCAP...04..033G
2026JCAP...04..026L,The DESI DR1 peculiar velocity survey: growth rate measurements from the maximum likelihood fields method,2026,4,Journal of Cosmology and Astroparticle Physics,2026,026,63,1,7,cosmic flows; cosmological parameters from LSS; galaxy clustering; Cosmology and Nongalactic Astrophysics,10.1088/1475-7516/2026/04/026,arXiv:2512.03229,https://ui.adsabs.harvard.edu/abs/2026JCAP...04..026L
2026JCAP...04..004Z,H <SUB>0</SUB> without the sound horizon (or supernovae): A 2% measurement in DESI DR1,2026,4,Journal of Cosmology and Astroparticle Physics,2026,004,61,1,8,cosmological parameters from LSS; physics of the early universe; power spectrum; redshift surveys; Cosmology and Nongalactic Astrophysics,10.1088/1475-7516/2026/04/004,arXiv:2510.19149,https://ui.adsabs.harvard.edu/abs/2026JCAP...04..004Z
2026Galax..14...35N,Characterizing Drift-Limited Performance in Unguided Astrophotography with Large-Aperture Newtonian Telescopes,2026,4,Galaxies,14,35,2,2,0,Astrophotography; deep-sky imaging; manual drift correction; equatorial observation,10.3390/galaxies14020035,,https://ui.adsabs.harvard.edu/abs/2026Galax..14...35N
2026ApJ..1001L..20H,AT2025ulz and S250818k: Leveraging DESI Spectroscopy in the Hunt for a Kilonova Associated with a Subsolar-mass Gravitational-wave Candidate,2026,4,The Astrophysical Journal Letters,1001,L20,51,1,10,Galaxies; Time domain astronomy; Gravitational waves; Transient sources; Type II supernovae; 573; 2109; 678; 1851; 1731; High Energy Astrophysical Phenomena,10.3847/2041-8213/ae4338,arXiv:2510.23723,https://ui.adsabs.harvard.edu/abs/2026ApJ..1001L..20H
2026ApJ..1001..162A,DESI Strong Lens Foundry. III. Keck Spectroscopy for Strong Lenses Discovered Using Residual Neural Networks,2026,4,The Astrophysical Journal,1001,162,52,1,5,Strong gravitational lensing; Gravitational lensing; Galaxy spectroscopy; Infrared spectroscopy; Spectroscopy; High-redshift galaxies; 1643; 670; 2171; 2285; 1558; 734; Cosmology and Nongalactic Astrophysics; Astrophysics of Galaxies,10.3847/1538-4357/ae4a9a,arXiv:2509.18086,https://ui.adsabs.harvard.edu/abs/2026ApJ..1001..162A
2026ApJ..1001..157A,Probing the Environment around GW170817 with DESI: Insights on Galaxy Group Peculiar Velocities for Standard Siren Measurements,2026,4,The Astrophysical Journal,1001,157,59,1,3,Observational cosmology; Gravitational waves; 1146; 678; Cosmology and Nongalactic Astrophysics,10.3847/1538-4357/ae4b37,arXiv:2512.08818,https://ui.adsabs.harvard.edu/abs/2026ApJ..1001..157A
2026ApJ..1001...20D,DESI EDR: Calibrating the Tully─Fisher Relationship with the DESI Peculiar Velocity Survey,2026,4,The Astrophysical Journal,1001,20,48,1,6,Spiral galaxies; Galaxy distances; Galaxy rotation; Galaxy kinematics; 1560; 590; 618; 602; Astrophysics of Galaxies,10.3847/1538-4357/ae517b,arXiv:2507.11765,https://ui.adsabs.harvard.edu/abs/2026ApJ..1001...20D
2026ApJ..1000..282M,Chromaticity-optimized Antenna Design and Bayesian Foreground Validation for the CANTAR Global 21 cm Experiment,2026,4,The Astrophysical Journal,1000,282,9,9,0,Astronomical instrumentation; Cosmology; Astronomical simulations; Single-dish antennas; Radio astronomy; Reionization; 799; 343; 1857; 1460; 1338; 1383; Instrumentation and Methods for Astrophysics,10.3847/1538-4357/ae4800,arXiv:2602.18276,https://ui.adsabs.harvard.edu/abs/2026ApJ..1000..282M
2026A&A...708A.219Q,The DESI DR1 peculiar velocity survey: Growth rate measurements from the galaxy power spectrum,2026,4,Astronomy and Astrophysics,708,A219,66,1,15,cosmological parameters; large-scale structure of Universe; Cosmology and Nongalactic Astrophysics,10.1051/0004-6361/202558368,arXiv:2512.03231,https://ui.adsabs.harvard.edu/abs/2026A&A...708A.219Q
2026JCAP...05..098C,Constraining primordial non-Gaussianity from DESI DR1 quasars and Planck PR4 CMB lensing,2026,5,Journal of Cosmology and Astroparticle Physics,2026,098,57,1,4,cosmological parameters from LSS; inflation; physics of the early universe; cosmological parameters from CMBR; Cosmology and Nongalactic Astrophysics,10.1088/1475-7516/2026/05/098,arXiv:2512.17865,https://ui.adsabs.harvard.edu/abs/2026JCAP...05..098C
2026JCAP...05..073C,Full calibration of the tomographic redshift distribution from the HSC PDR3 Shape Catalog with DESI,2026,5,Journal of Cosmology and Astroparticle Physics,2026,073,56,1,8,galaxy surveys; redshift surveys; weak gravitational lensing; Cosmology and Nongalactic Astrophysics,10.1088/1475-7516/2026/05/073,arXiv:2511.18133,https://ui.adsabs.harvard.edu/abs/2026JCAP...05..073C
2026JCAP...05..010T,Probing the limits of cosmological information from the Lyman-α forest 2-point correlation functions,2026,5,Journal of Cosmology and Astroparticle Physics,2026,010,51,1,2,cosmological parameters from LSS; Lyman alpha forest; Cosmology and Nongalactic Astrophysics,10.1088/1475-7516/2026/05/010,arXiv:2509.14322,https://ui.adsabs.harvard.edu/abs/2026JCAP...05..010T
2026JCAP...05..002F,DESI DR2 reference mocks: clustering results from UCHUU-BGS and LRG,2026,5,Journal of Cosmology and Astroparticle Physics,2026,002,67,1,3,cosmological simulations; galaxy clustering; galaxy evolution; power spectrum; Astrophysics of Galaxies; Cosmology and Nongalactic Astrophysics,10.1088/1475-7516/2026/05/002,arXiv:2507.01593,https://ui.adsabs.harvard.edu/abs/2026JCAP...05..002F
2026JCAP...05..001C,Extensive analysis of reconstruction algorithms for DESI 2024 baryon acoustic oscillations,2026,5,Journal of Cosmology and Astroparticle Physics,2026,001,67,1,24,baryon acoustic oscillations; cosmological parameters from LSS; redshift surveys; Cosmology and Nongalactic Astrophysics,10.1088/1475-7516/2026/05/001,arXiv:2411.19738,https://ui.adsabs.harvard.edu/abs/2026JCAP...05..001C
2026ApJ..1003...94H,Measurements of Quasar Proximity Zones with the Lyα Forest of DESI Y1 Quasars,2026,5,The Astrophysical Journal,1003,94,44,1,1,Quasars; Lyman alpha forest; Intergalactic medium; Galaxy environments; Redshift surveys; 1319; 980; 813; 2029; 1378; Astrophysics of Galaxies; Cosmology and Nongalactic Astrophysics,10.3847/1538-4357/ae644b,arXiv:2512.18281,https://ui.adsabs.harvard.edu/abs/2026ApJ..1003...94H
2026ApJ..1003...41A,Deep Search for Joint Sources of Gravitational Waves and High-energy Neutrinos with IceCube during the Third Observing Run of LIGO and Virgo,2026,5,The Astrophysical Journal,1003,41,200,0,0,High energy astrophysics; Neutrino astronomy; Gravitational wave astronomy; Gravitational wave sources; 739; 1100; 675; 677; High Energy Astrophysical Phenomena,10.3847/1538-4357/ae4e1b,arXiv:2601.07595,https://ui.adsabs.harvard.edu/abs/2026ApJ..1003...41A
2026ApJ..1002...59H,XUE. Modeling MIR Molecular Gas Tracers of Truncation in Highly Irradiated Planet-forming Disks,2026,5,The Astrophysical Journal,1002,59,16,3,0,Protoplanetary disks; Pre-main sequence stars; Proplyds; Polycyclic aromatic hydrocarbons; Radiative transfer simulations; 1300; 1290; 1296; 1280; 1967,10.3847/1538-4357/ae5b83,,https://ui.adsabs.harvard.edu/abs/2026ApJ..1002...59H
2026AJ....171..292L,Signatures of a Tidally Induced Spiral Arm at the Anticenter of the Milky Way and a Kinematically Extended Anticenter Stream Using DESI Data Release 2,2026,5,The Astronomical Journal,171,292,49,1,3,Milky Way Galaxy; Milky Way disk; Milky Way dynamics; Milky Way evolution; Galactic anticenter; Galaxy structure; 1054; 1050; 1051; 1052; 564; 622; Astrophysics of Galaxies,10.3847/1538-3881/ae5100,arXiv:2601.14562,https://ui.adsabs.harvard.edu/abs/2026AJ....171..292L
2026AJ....171..285D,Data Release 1 of the Dark Energy Spectroscopic Instrument,2026,5,The Astronomical Journal,171,285,200,1,520,Redshift surveys; Astronomy data reduction; Sky surveys; Astronomy databases; Astronomy data analysis; Observational astronomy; 1378; 1861; 1464; 83; 1858; 1145; Cosmology and Nongalactic Astrophysics,10.3847/1538-3881/ae4c43,arXiv:2503.14745,https://ui.adsabs.harvard.edu/abs/2026AJ....171..285D
2026A&A...709A.125C,Bulgeless Evolution And the Rise of Discs (BEARD): III. A numerical simulation view of satellites around Milky-Way analogues,2026,5,Astronomy and Astrophysics,709,A125,20,0,0,methods: data analysis; methods: numerical; galaxies: evolution; galaxies: interactions; galaxies: luminosity function; mass function; galaxies: spiral; Astrophysics of Galaxies,10.1051/0004-6361/202557194,arXiv:2605.18975,https://ui.adsabs.harvard.edu/abs/2026A&A...709A.125C
2026A&A...709A..39K,PDRs4All: XX. The 6─9 μm region as a probe of PAH charge and size in the Orion Bar,2026,5,Astronomy and Astrophysics,709,A39,27,1,2,astrochemistry; techniques: photometric; techniques: spectroscopic; ISM: molecules; photon-dominated region (PDR); ISM: individual objects; Astrophysics of Galaxies,10.1051/0004-6361/202557535,arXiv:2510.06167,https://ui.adsabs.harvard.edu/abs/2026A&A...709A..39K
2026PASP..138f4201A,Exploring Galactic open clusters with Gaia. II. Dynamical Evolution and Stellar Population Properties in Fifteen Nearby Open Clusters,2026,6,Publications of the Astronomical Society of the Pacific,138,064201,3,2,0,Open star clusters; Binary stars; Initial mass function; Astronomy data analysis; 1160; 154; 796; 1858,10.1088/1538-3873/ae7204,,https://ui.adsabs.harvard.edu/abs/2026PASP..138f4201A
2026MNRAS.549ag866M,DESI DR2 Galaxy luminosity functions,2026,6,Monthly Notices of the Royal Astronomical Society,549,stag866,57,1,6,galaxies: luminosity function; mass function; galaxies: statistics; Astrophysics of Galaxies,10.1093/mnras/stag866,arXiv:2511.01803,https://ui.adsabs.harvard.edu/abs/2026MNRAS.549ag866M
2026MNRAS.548ag760J,Caught in the post-mass transfer phase: discovery that HD 46198 is a rare extreme mass ratio SB2 binary,2026,6,Monthly Notices of the Royal Astronomical Society,548,stag760,4,1,0,techniques: radial velocities; binaries: spectroscopic; stars: fundamental parameters; stars: individual: HD 46198,10.1093/mnras/stag760,,https://ui.adsabs.harvard.edu/abs/2026MNRAS.548ag760J
2026JCAP...06..062F,Assembly bias and local Primordial non-Gaussianity from DESI DR1 quasars,2026,6,Journal of Cosmology and Astroparticle Physics,2026,062,43,1,0,cosmological parameters from LSS; cosmological simulations; non-gaussianity; redshift surveys; Cosmology and Nongalactic Astrophysics,10.1088/1475-7516/2026/06/062,arXiv:2602.12357,https://ui.adsabs.harvard.edu/abs/2026JCAP...06..062F
2026JCAP...06..043F,Cosmological constraints from a joint DESI DR1 Full-Shape and DR2 BAO,2026,6,Journal of Cosmology and Astroparticle Physics,2026,043,64,1,0,cosmological parameters from LSS; baryon acoustic oscillations; neutrino masses from cosmology; dark energy experiments,10.1088/1475-7516/2026/06/043,,https://ui.adsabs.harvard.edu/abs/2026JCAP...06..043F
2026JCAP...06..040C,Cosmological analysis of the DESI DR1 Lyα 1D power spectrum,2026,6,Journal of Cosmology and Astroparticle Physics,2026,040,66,1,10,cosmological parameters from LSS; Lyman alpha forest; cosmology of theories beyond the SM; neutrino masses from cosmology; Cosmology and Nongalactic Astrophysics,10.1088/1475-7516/2026/06/040,arXiv:2601.21432,https://ui.adsabs.harvard.edu/abs/2026JCAP...06..040C
2026JCAP...06..010G,Fiducial-cosmology-dependent systematics for the DESI 2024 full-shape analysis,2026,6,Journal of Cosmology and Astroparticle Physics,2026,010,68,1,1,galaxy clustering; power spectrum; dark energy experiments; redshift surveys; Cosmology and Nongalactic Astrophysics,10.1088/1475-7516/2026/06/010,arXiv:2509.08057,https://ui.adsabs.harvard.edu/abs/2026JCAP...06..010G
2026ApJ..1004L..23A,GW230814: Investigation of a Loud Gravitational-wave Signal Observed with a Single Detector,2026,6,The Astrophysical Journal Letters,1004,L23,200,0,41,Gravitational waves; Gravitational wave sources; Gravitational wave astronomy; Black hole physics; Quasinormal modes; Compact binary stars; LIGO; 678; 677; 675; 159; 1320; 283; 920; General Relativity and Quantum Cosmology; High Energy Astrophysical Phenomena,10.3847/2041-8213/ae2ad3,arXiv:2509.07348,https://ui.adsabs.harvard.edu/abs/2026ApJ..1004L..23A
2026ApJ..1004L..22A,GWTC-4.0: Updating the Gravitational-wave Transient Catalog with Observations from the First Part of the Fourth LIGO─Virgo─KAGRA Observing Run,2026,6,The Astrophysical Journal Letters,1004,L22,200,0,37,Gravitational wave astronomy; Gravitational wave detectors; Gravitational wave sources; Stellar mass black holes; Neutron stars; 675; 676; 677; 1611; 1108,10.3847/2041-8213/ae2c74,,https://ui.adsabs.harvard.edu/abs/2026ApJ..1004L..22A
2026ApJ..1004L..21A,GWTC-4.0: Methods for Identifying and Characterizing Gravitational-wave Transients,2026,6,The Astrophysical Journal Letters,1004,L21,200,0,105,Gravitational wave astronomy; Gravitational wave detectors; Gravitational wave sources; Stellar mass black holes; Neutron stars; 675; 676; 677; 1611; 1108; General Relativity and Quantum Cosmology; High Energy Astrophysical Phenomena,10.3847/2041-8213/ae447b,arXiv:2508.18081,https://ui.adsabs.harvard.edu/abs/2026ApJ..1004L..21A
2026ApJ..1004..235C,The DESI DR1 Peculiar Velocity Survey: Global Zero-point and H<SUB>0</SUB> Constraints,2026,6,The Astrophysical Journal,1004,235,58,1,5,Galaxies; Cosmology; Large-scale structure of the universe; 573; 343; 902; Cosmology and Nongalactic Astrophysics,10.3847/1538-4357/ae6866,arXiv:2512.03232,https://ui.adsabs.harvard.edu/abs/2026ApJ..1004..235C
2026ApJ..1004..232A,"Open Data from LIGO, Virgo, and KAGRA through the First Part of the Fourth Observing Run",2026,6,The Astrophysical Journal,1004,232,200,0,10,Black holes; Gravitational waves; Astronomy databases; 162; 678; 83,10.3847/1538-4357/ae211e,,https://ui.adsabs.harvard.edu/abs/2026ApJ..1004..232A
2026ApJ..1004..204A,Searches for Continuous Gravitational Waves from Supernova Remnants in the First Part of the LIGO-Virgo-KAGRA Fourth Observing Run,2026,6,The Astrophysical Journal,1004,204,200,0,2,Neutron stars; Supernova remnants; Gravitational waves; Gravitational wave astronomy; 1108; 1667; 678; 675; General Relativity and Quantum Cosmology; High Energy Astrophysical Phenomena,10.3847/1538-4357/ae6263,arXiv:2603.25808,https://ui.adsabs.harvard.edu/abs/2026ApJ..1004..204A
2026ApJ..1003L..47L,A Natural ≳100× Telescope: Discovery of the Strongly Lensed Type II SN 2025mkn at z = 1.37,2026,6,The Astrophysical Journal Letters,1003,L47,93,1,4,Strong gravitational lensing; Type II supernovae; Supernovae; 1643; 1731; 1668; Cosmology and Nongalactic Astrophysics; Astrophysics of Galaxies,10.3847/2041-8213/ae6780,arXiv:2604.07983,https://ui.adsabs.harvard.edu/abs/2026ApJ..1003L..47L
2026AdSpR..7712754A,Establishing atmospheric turbulence thresholds for reliable ground-based solar magnetograms,2026,6,Advances in Space Research,77,12754,4,4,0,Solar flares; Magnetic field; Stokes profiles; Atmospheric turbulence; Fried parameter; Phase screens; Point spread function,10.1016/j.asr.2026.03.070,,https://ui.adsabs.harvard.edu/abs/2026AdSpR..7712754A
2026AJ....171..351S,Extremely Metal-poor Galaxies in DESI DR1: Connections to Galaxies in the Early Universe,2026,6,The Astronomical Journal,171,351,46,1,1,Galaxies; Metallicity; High-redshift galaxies; Emission line galaxies; 573; 1031; 734; 459; Astrophysics of Galaxies,10.3847/1538-3881/ae63b5,arXiv:2603.05934,https://ui.adsabs.harvard.edu/abs/2026AJ....171..351S
2026AJ....171..348D,The Backup Program of the Dark Energy Spectroscopic Instrument's Milky Way Survey,2026,6,The Astronomical Journal,171,348,70,1,10,Sky surveys; Redshift surveys; Galaxy stellar content; Stellar kinematics; Milky Way Galaxy; Giant stars; 1464; 1378; 621; 1608; 1054; 655; Solar and Stellar Astrophysics; Astrophysics of Galaxies; Instrumentation and Methods for Astrophysics,10.3847/1538-3881/ae5dd0,arXiv:2505.17230,https://ui.adsabs.harvard.edu/abs/2026AJ....171..348D
2026A&A...710A.155D,Emulating galaxy and peculiar velocity clustering on non-linear scales,2026,6,Astronomy and Astrophysics,710,A155,40,1,0,dark energy; large-scale structure of Universe; Cosmology and Nongalactic Astrophysics,10.1051/0004-6361/202659295,arXiv:2602.03382,https://ui.adsabs.harvard.edu/abs/2026A&A...710A.155D
2026MNRAS.549ag887C,Early results in the search for extreme coronal line emitters with the Dark Energy Spectroscopic Instrument,2026,7,Monthly Notices of the Royal Astronomical Society,549,stag887,47,1,0,galaxies: active; transients: tidal disruption events; High Energy Astrophysical Phenomena,10.1093/mnras/stag887,arXiv:2601.20964,https://ui.adsabs.harvard.edu/abs/2026MNRAS.549ag887C
2026ApJS..285...10H,The DESI Transients Survey: Legacy Classifications and Methodology,2026,7,The Astrophysical Journal Supplement Series,285,10,60,1,6,Supernovae; Core-collapse supernovae; Type Ia supernovae; Transient detection; Transient sources; Time domain astronomy; 1668; 304; 1728; 1957; 1851; 2109; High Energy Astrophysical Phenomena,10.3847/1538-4365/ae6509,arXiv:2601.12611,https://ui.adsabs.harvard.edu/abs/2026ApJS..285...10H
2026ApJ..1005L..51A,GWTC-4.0: Population Properties of Merging Compact Binaries,2026,7,The Astrophysical Journal Letters,1005,L51,200,0,335,Gravitational waves; Astrophysical black holes; Neutron stars; Compact binary stars; 678; 98; 1108; 283; High Energy Astrophysical Phenomena; General Relativity and Quantum Cosmology,10.3847/2041-8213/ae771e,arXiv:2508.18083,https://ui.adsabs.harvard.edu/abs/2026ApJ..1005L..51A
2026ApJ..1005..221A,Narrowband Searches for Continuous Gravitational Waves from known Pulsars in the First Two Parts of the Fourth LIGO─Virgo─KAGRA Observing Run,2026,7,The Astrophysical Journal,1005,221,200,0,5,Gravitational wave astronomy; Pulsars; Neutron stars; Binary stars; 675; 1306; 1108; 154; General Relativity and Quantum Cosmology; High Energy Astrophysical Phenomena,10.3847/1538-4357/ae77fc,arXiv:2603.25938,https://ui.adsabs.harvard.edu/abs/2026ApJ..1005..221A
2026ApJ..1005..200M,"The Kinematically Hot, Extremely Metal-poor C-19 Stellar Stream in DESI DR2",2026,7,The Astrophysical Journal,1005,200,51,1,4,Stellar streams; Milky Way dynamics; Dark matter; Star clusters; 2166; 1051; 353; 1567; Astrophysics of Galaxies,10.3847/1538-4357/ae7440,arXiv:2603.11171,https://ui.adsabs.harvard.edu/abs/2026ApJ..1005..200M
2026ApJ..1005...19L,The Velocity Field of Our Milky Way Outer Stellar Halo Based on DESI DR2,2026,7,The Astrophysical Journal,1005,19,56,1,0,Milky Way Galaxy; Milky Way stellar halo; Large Magellanic Cloud; Galaxy stellar content; 1054; 1060; 903; 621,10.3847/1538-4357/ae7346,,https://ui.adsabs.harvard.edu/abs/2026ApJ..1005...19L
2026ApJ..1005...12A,Constraints on Gravitational Waves from the 2024 Vela Pulsar Glitch,2026,7,The Astrophysical Journal,1005,12,200,0,1,Pulsars; Gravitational wave astronomy; Interdisciplinary astronomy; Neutron stars; 1306; 675; 804; 1108,10.3847/1538-4357/ae63bc,,https://ui.adsabs.harvard.edu/abs/2026ApJ..1005...12A
2026AJ....172...11S,Highly Efficient Selection of High-redshift Emission-line Galaxies for Future DESI-like Surveys with Deep Multiband Imaging,2026,7,The Astronomical Journal,172,11,56,1,0,Emission line galaxies; 459; Astrophysics of Galaxies; Cosmology and Nongalactic Astrophysics,10.3847/1538-3881/ae6b7c,arXiv:2602.20405,https://ui.adsabs.harvard.edu/abs/2026AJ....172...11S
2026RAA....26h5002B,Gaia DR3 Analysis of Four Open Clusters Toward the Galactic Anticenter,2026,8,Research in Astronomy and Astrophysics,26,085002,6,1,6,(Galaxy:) open clusters and associations: individual (COIN-Gaia 24; Czernik 24; FSR 0893; and UBC 74); (stars:) Hertzsprung─Russell and C─M diagrams; stars: kinematics and dynamics; Astrophysics of Galaxies; Solar and Stellar Astrophysics,10.1088/1674-4527/ae587d,arXiv:2602.22304,https://ui.adsabs.harvard.edu/abs/2026RAA....26h5002B
2026MNRAS.tmp.1390X,PAC in DESI. II. Galaxy-halo connection into the 10<SUP>6</SUP>M<SUB>⊙</SUB> frontier,2026,8,Monthly Notices of the Royal Astronomical Society,,,40,1,1,Astrophysics of Galaxies; Cosmology and Nongalactic Astrophysics,10.1093/mnras/stag1487,arXiv:2603.29331,https://ui.adsabs.harvard.edu/abs/2026MNRAS.tmp.1390X
2026MNRAS.550g1377M,Effective temperatures estimation of low-mass stars and identification of T Tauri stars in LAMOST DR10 using machine learning,2026,8,Monthly Notices of the Royal Astronomical Society,550,stag1377,4,3,0,techniques: spectroscopic; stars: low-mass; stars: fundamental parameters; stars: pre-main-sequence; stars: variables: T Tauri; Herbig Ae/Be; software: machine learning; Solar and Stellar Astrophysics,10.1093/mnras/stag1377,arXiv:2607.16585,https://ui.adsabs.harvard.edu/abs/2026MNRAS.550g1377M
2026MNRAS.550g1296C,Relativistic common-envelope dynamics of a stellar-mass black hole II: Kerr black hole,2026,8,Monthly Notices of the Royal Astronomical Society,550,stag1296,2,1,0,accretion; accretion discs; black hole physics; High Energy Astrophysical Phenomena; General Relativity and Quantum Cosmology,10.1093/mnras/stag1296,arXiv:2607.07462,https://ui.adsabs.harvard.edu/abs/2026MNRAS.550g1296C
2026JCAP...08..001M,Frequentist cosmological constraints from full-shape clustering measurements in DESI DR1,2026,8,Journal of Cosmology and Astroparticle Physics,2026,001,56,1,11,cosmological parameters from LSS; Frequentist statistics; Bayesian reasoning; galaxy clustering; Cosmology and Nongalactic Astrophysics,10.1088/1475-7516/2026/08/001,arXiv:2508.11811,https://ui.adsabs.harvard.edu/abs/2026JCAP...08..001M
2026ApJ..1007L..17A,GWTC-4.0: Constraints on the Cosmic Expansion Rate and Modified Gravitational-wave Propagation,2026,8,The Astrophysical Journal Letters,1007,L17,200,0,0,Gravitational wave astronomy; Gravitational wave sources; Hubble constant; Observational cosmology; 675; 677; 758; 1146,10.3847/2041-8213/ae69dd,,https://ui.adsabs.harvard.edu/abs/2026ApJ..1007L..17A
2026ApJ..1006L..67A,"Erratum: ""The NANOGrav 15 yr Data Set: Constraints on Supermassive Black Hole Binaries from the Gravitational-wave Background"" (2023, ApJL, 952, L37)",2026,8,The Astrophysical Journal Letters,1006,L67,116,1,0,,10.3847/2041-8213/ae8764,,https://ui.adsabs.harvard.edu/abs/2026ApJ..1006L..67A
2026ApJ..1006..147M,Quasars Acting as Strong Lenses Found in DESI DR1,2026,8,The Astrophysical Journal,1006,147,56,1,1,Strong gravitational lensing; Quasars; Supermassive black holes; Scaling relations; 1643; 1319; 1663; 2031; Astrophysics of Galaxies,10.3847/1538-4357/ae8014,arXiv:2511.02009,https://ui.adsabs.harvard.edu/abs/2026ApJ..1006..147M
2026MNRAS.551g1487X,PAC in DESI. II. Galaxy-halo connection into the 10<SUP>6 </SUP>M<SUB>⊙</SUB> frontier,2026,9,Monthly Notices of the Royal Astronomical Society,551,stag1487,40,1,0,galaxies: dwarf; galaxies: haloes; galaxies: luminosity function; mass function,10.1093/mnras/stag1487,,https://ui.adsabs.harvard.edu/abs/2026MNRAS.551g1487X
2026MNRAS.551g1418A,Stacked reverberation mapping of high-redshift quasars in DESI. I. Feasibility analysis,2026,9,Monthly Notices of the Royal Astronomical Society,551,stag1418,52,1,0,quasars: general; quasars: supermassive black holes; Astrophysics of Galaxies,10.1093/mnras/stag1418,arXiv:2607.21869,https://ui.adsabs.harvard.edu/abs/2026MNRAS.551g1418A
2026MNRAS.551g1411G,Accurate proper motions of the protostellar system VLA 1623-2417,2026,9,Monthly Notices of the Royal Astronomical Society,551,stag1411,12,1,0,astrometry; proper motions; binaries: general; stars: formation; stars:protostars,10.1093/mnras/stag1411,,https://ui.adsabs.harvard.edu/abs/2026MNRAS.551g1411G
2026MNRAS.551g1381S,"Electron temperature relations and the direct N, O, Ne, S, and Ar abundances of 49 959 star-forming galaxies in DESI data release 2",2026,9,Monthly Notices of the Royal Astronomical Society,551,stag1381,45,1,9,galaxies: abundances; galaxies: general; galaxies: ISM; Astrophysics of Galaxies,10.1093/mnras/stag1381,arXiv:2601.02463,https://ui.adsabs.harvard.edu/abs/2026MNRAS.551g1381S
2026MNRAS.551g1353I,First planetesimals from DESI DR1: 12 highly metal-rich white dwarfs,2026,9,Monthly Notices of the Royal Astronomical Society,551,stag1353,46,1,0,exoplanets; minor planets; asteroids: general; white dwarfs; Earth and Planetary Astrophysics; Solar and Stellar Astrophysics,10.1093/mnras/stag1353,arXiv:2607.14251,https://ui.adsabs.harvard.edu/abs/2026MNRAS.551g1353I
2026A&C....5701160S,Magnitude-dependent quantum advantage in Forbush decrease detection: A quantum kernel SVM benchmark,2026,10,Astronomy and Computing,57,101160,1,1,0,81P68; 68T05; 85A35; 62H30; 68Q12; Forbush decrease; Quantum kernels; Machine learning; Classification task; Geomagnetic indices,10.1016/j.ascom.2026.101160,,https://ui.adsabs.harvard.edu/abs/2026A&C....5701160S
2026A&C....5701136J,Velocity-dependent CME─sunspot correlations: A multi-scale statistical analysis across Solar Cycles 23─25,2026,10,Astronomy and Computing,57,101136,3,3,0,Coronal mass ejections; Sunspot numbers; Solar cycle; Space weather; Statistical analysis,10.1016/j.ascom.2026.101136,,https://ui.adsabs.harvard.edu/abs/2026A&C....5701136J
2026NewA..12802606P,Cosmological constraints on viable <mml:math><mml:mrow><mml:mi>f</mml:mi><mml:mrow><mml:mo>(</mml:mo><mml:mi>R</mml:mi><mml:mo>)</mml:mo></mml:mrow></mml:mrow></mml:math> models using weak lensing,2026,11,New Astronomy,128,102606,2,2,0,Weak lensing; f(R) theories; Cosmological parameter constraints; MCMC,10.1016/j.newast.2026.102606,,https://ui.adsabs.harvard.edu/abs/2026NewA..12802606P
